id,title,business_name,url,place_id,handle,vendor,tags/0,tags/1,tags/2,tags/3,tags/4,tags/5,tags/6,tags/7,variants/0/id,variants/0/sku,variants/0/size,variants/0/grams,variants/0/price,variants/0/title,variants/0/gender,variants/0/option1,variants/0/option2,variants/0/option3,variants/0/taxable,variants/0/position,variants/0/available,variants/0/created_at,variants/0/product_id,variants/0/updated_at,variants/0/featured_image/src,variants/0/featured_image/position,variants/0/compare_at_price,variants/0/requires_shipping,variants/1/id,variants/1/sku,variants/1/size,variants/1/grams,variants/1/price,variants/1/title,variants/1/gender,variants/1/option1,variants/1/option2,variants/1/option3,variants/1/taxable,variants/1/position,variants/1/available,variants/1/created_at,variants/1/product_id,variants/1/updated_at,variants/1/featured_image/src,variants/1/featured_image/position,variants/1/compare_at_price,variants/1/requires_shipping,variants/2/id,variants/2/sku,variants/2/size,variants/2/grams,variants/2/price,variants/2/title,variants/2/gender,variants/2/option1,variants/2/option2,variants/2/option3,variants/2/taxable,variants/2/position,variants/2/available,variants/2/created_at,variants/2/product_id,variants/2/updated_at,variants/2/featured_image/src,variants/2/featured_image/position,variants/2/compare_at_price,variants/2/requires_shipping,variants/3/id,variants/3/sku,variants/3/size,variants/3/grams,variants/3/price,variants/3/title,variants/3/gender,variants/3/option1,variants/3/option2,variants/3/option3,variants/3/taxable,variants/3/position,variants/3/available,variants/3/created_at,variants/3/product_id,variants/3/updated_at,variants/3/featured_image/src,variants/3/featured_image/position,variants/3/compare_at_price,variants/3/requires_shipping,images/0/src,images/0/position,images/1/src,images/1/position,images/2/src,images/2/position,images/3/src,images/3/position,options/0/name,options/0/values/0,options/0/values/1,options/0/values/2,options/0/values/3,options/0/position,rating,body_html,created_at,product_type,published_at,updated_at,gender,compare_at_price,original_price,buckets/0,is_on_sale,sale_ratio,is_available,images/4/src,images/4/position,tags/8,tags/9,tags/10,tags/11,tags/12,tags/13,tags/14,tags/15,tags/16,tags/17,tags/18,variants/0/color,variants/0/featured_image,variants/1/featured_image,variants/2/color,variants/2/featured_image,variants/3/color,variants/3/featured_image,variants/4/id,variants/4/sku,variants/4/size,variants/4/color,variants/4/grams,variants/4/price,variants/4/title,variants/4/gender,variants/4/option1,variants/4/option2,variants/4/option3,variants/4/taxable,variants/4/position,variants/4/available,variants/4/created_at,variants/4/product_id,variants/4/updated_at,variants/4/featured_image,variants/4/compare_at_price,variants/4/requires_shipping,variants/5/id,variants/5/sku,variants/5/size,variants/5/color,variants/5/grams,variants/5/price,variants/5/title,variants/5/gender,variants/5/option1,variants/5/option2,variants/5/option3,variants/5/taxable,variants/5/position,variants/5/available,variants/5/created_at,variants/5/product_id,variants/5/updated_at,variants/5/featured_image,variants/5/compare_at_price,variants/5/requires_shipping,variants/6/id,variants/6/sku,variants/6/size,variants/6/grams,variants/6/price,variants/6/title,variants/6/gender,variants/6/option1,variants/6/option2,variants/6/option3,variants/6/taxable,variants/6/position,variants/6/available,variants/6/created_at,variants/6/product_id,variants/6/updated_at,variants/6/featured_image,variants/6/compare_at_price,variants/6/requires_shipping,variants/7/id,variants/7/sku,variants/7/size,variants/7/grams,variants/7/price,variants/7/title,variants/7/gender,variants/7/option1,variants/7/option2,variants/7/option3,variants/7/taxable,variants/7/position,variants/7/available,variants/7/created_at,variants/7/product_id,variants/7/updated_at,variants/7/featured_image,variants/7/compare_at_price,variants/7/requires_shipping,options/0/values/4,options/0/values/5,options/0/values/6,options/0/values/7,variants/4/featured_image/src,variants/4/featured_image/position,variants/5/featured_image/src,variants/5/featured_image/position,variants/1/color,variants/6/featured_image/src,variants/6/featured_image/position,tags/19,tags/20,variants/7/featured_image/src,variants/7/featured_image/position,variants/8/id,variants/8/sku,variants/8/size,variants/8/grams,variants/8/price,variants/8/title,variants/8/gender,variants/8/option1,variants/8/option2,variants/8/option3,variants/8/taxable,variants/8/position,variants/8/available,variants/8/created_at,variants/8/product_id,variants/8/updated_at,variants/8/featured_image/src,variants/8/featured_image/position,variants/8/compare_at_price,variants/8/requires_shipping,variants/9/id,variants/9/sku,variants/9/size,variants/9/grams,variants/9/price,variants/9/title,variants/9/gender,variants/9/option1,variants/9/option2,variants/9/option3,variants/9/taxable,variants/9/position,variants/9/available,variants/9/created_at,variants/9/product_id,variants/9/updated_at,variants/9/featured_image/src,variants/9/featured_image/position,variants/9/compare_at_price,variants/9/requires_shipping,variants/10/id,variants/10/sku,variants/10/size,variants/10/grams,variants/10/price,variants/10/title,variants/10/gender,variants/10/option1,variants/10/option2,variants/10/option3,variants/10/taxable,variants/10/position,variants/10/available,variants/10/created_at,variants/10/product_id,variants/10/updated_at,variants/10/featured_image/src,variants/10/featured_image/position,variants/10/compare_at_price,variants/10/requires_shipping,variants/11/id,variants/11/sku,variants/11/size,variants/11/grams,variants/11/price,variants/11/title,variants/11/gender,variants/11/option1,variants/11/option2,variants/11/option3,variants/11/taxable,variants/11/position,variants/11/available,variants/11/created_at,variants/11/product_id,variants/11/updated_at,variants/11/featured_image/src,variants/11/featured_image/position,variants/11/compare_at_price,variants/11/requires_shipping,options/1/name,options/1/values/0,options/1/values/1,options/1/values/2,options/1/values/3,options/1/values/4,options/1/values/5,options/1/values/6,options/1/values/7,options/1/values/8,options/1/values/9,options/1/values/10,options/1/values/11,options/1/position,buckets/1,images/5/src,images/5/position
1331626041,COLLARLESS BUTTON DOWN - WHITE,BIA BORO KELOWNA,https://biaboro.ca/products/collarless-button-down-white,ChIJnYCzfKj0fVMRkzH4kkw7eBM,collarless-button-down-white,gastown,button down,long sleeve shirt,mens,mens shirt,sales,white button down,white shirt,white top,31596498059321,GE 7049,See in Store,200,59.00,SML,men,SML,,,true,1,true,2020-04-24T00:58:24-07:00,4618421469241,2020-11-01T14:55:36-08:00,https://cdn.shopify.com/s/files/1/3105/3518/products/IMG_4137_1.jpg?v=1587715495,1,100.00,true,31596498092089,GE 7050,See in Store,200,59.00,MED,men,MED,,,true,2,true,2020-04-24T00:58:24-07:00,4618421469241,2020-11-01T14:55:36-08:00,https://cdn.shopify.com/s/files/1/3105/3518/products/IMG_4137_1.jpg?v=1587715495,1,100.00,true,31596498124857,GE 7051,See in Store,200,59.00,LRG,men,LRG,,,true,3,true,2020-04-24T00:58:24-07:00,4618421469241,2020-11-01T14:55:36-08:00,https://cdn.shopify.com/s/files/1/3105/3518/products/IMG_4137_1.jpg?v=1587715495,1,100.00,true,31596498157625,GE 7052,See in Store,200,59.00,XLR,men,XLR,,,true,4,true,2020-04-24T00:58:24-07:00,4618421469241,2020-11-01T14:55:36-08:00,https://cdn.shopify.com/s/files/1/3105/3518/products/IMG_4137_1.jpg?v=1587715495,1,100.00,true,https://cdn.shopify.com/s/files/1/3105/3518/products/IMG_4137_1.jpg?v=1587715495,1,https://cdn.shopify.com/s/files/1/3105/3518/products/IMG_4134_e03c5841-5074-4271-932e-845310a4e755.jpg?v=1587715424,2,https://cdn.shopify.com/s/files/1/3105/3518/products/IMG_4133.jpg?v=1587715424,3,https://cdn.shopify.com/s/files/1/3105/3518/products/IMG_4134.jpg?v=1587715424,4,Size,SML,MED,LRG,XLR,1,0,"<meta charset=""utf-8""><meta charset=""utf-8"">
<div class=""pdp-main__benefits-description col-100"">
<p>For a fashionable look, this long collarless cotton shirt offers easy versatility; wear on its own or layered under a jacket. Single breast pocket.</p>
</div>
<div class=""_183fe6"">
<div class=""_f6a381""><br></div>
</div>
<div class=""_183fe6"">
<div class=""_97a1aa _7d70f3 _f6a381"" data-tstid=""theDetails-part2"">
<div class=""_27067c _f6a381"">
<p class=""_373b06"">Cotton 95% - Elastane 5%</p>
</div>
<div class=""_27067c _f6a381"">
<div data-tstid=""details-wearing"">
<p class=""_d4797a"" data-tstid=""modelFittingInformation"">Model is 6"", 155lbs  wearing size Med</p>
</div>
</div>
</div>
</div>",2020-04-24T07:58:23.000Z,mens shirts,2020-04-24T07:58:23.000Z,2022-02-04T18:41:29.000Z,men,10000,5900,Casual,true,41,true,,,,,,,,,,,,,,,,,,,,,,,,,,,,,,,,,,,,,,,,,,,,,,,,,,,,,,,,,,,,,,,,,,,,,,,,,,,,,,,,,,,,,,,,,,,,,,,,,,,,,,,,,,,,,,,,,,,,,,,,,,,,,,,,,,,,,,,,,,,,,,,,,,,,,,,,,,,,,,,,,,,,,,,,,,,,,,,,,,,,,,,,,,,,,,,,,,,,,,,,,,,,,,,,,,
1199374393,COLLARLESS BUTTON DOWN - BLACK,BIA BORO KELOWNA,https://biaboro.ca/products/collarless-button-down-black,ChIJnYCzfKj0fVMRkzH4kkw7eBM,collarless-button-down-black,gastown,black button down,button down shirt,long sleeve shirt,mens,mens shirt,sales,,,31596343590969,GE 7049,See in Store,200,59.00,SML,men,SML,,,true,1,false,2020-04-24T00:01:54-07:00,4618289217593,2020-11-01T15:50:10-08:00,https://cdn.shopify.com/s/files/1/3105/3518/products/IMG_4182_3f7d97cb-3b1c-446e-a899-f8f9e65a6131.jpg?v=1587712280,1,100.00,true,31596343623737,GE 7050,See in Store,200,59.00,MED,men,MED,,,true,2,true,2020-04-24T00:01:54-07:00,4618289217593,2020-11-01T14:55:35-08:00,https://cdn.shopify.com/s/files/1/3105/3518/products/IMG_4182_3f7d97cb-3b1c-446e-a899-f8f9e65a6131.jpg?v=1587712280,1,100.00,true,31596343656505,GE 7051,See in Store,200,59.00,LRG,men,LRG,,,true,3,true,2020-04-24T00:01:54-07:00,4618289217593,2020-11-01T14:55:35-08:00,https://cdn.shopify.com/s/files/1/3105/3518/products/IMG_4182_3f7d97cb-3b1c-446e-a899-f8f9e65a6131.jpg?v=1587712280,1,100.00,true,31596343689273,GE 7052,See in Store,200,59.00,XLR,men,XLR,,,true,4,false,2020-04-24T00:01:54-07:00,4618289217593,2020-11-01T14:55:35-08:00,https://cdn.shopify.com/s/files/1/3105/3518/products/IMG_4182_3f7d97cb-3b1c-446e-a899-f8f9e65a6131.jpg?v=1587712280,1,100.00,true,https://cdn.shopify.com/s/files/1/3105/3518/products/IMG_4182_3f7d97cb-3b1c-446e-a899-f8f9e65a6131.jpg?v=1587712280,1,https://cdn.shopify.com/s/files/1/3105/3518/products/IMG_4183_61d2e85e-9202-44a4-80da-371874d48826.jpg?v=1587712280,2,https://cdn.shopify.com/s/files/1/3105/3518/products/IMG_4182.jpg?v=1587712280,3,https://cdn.shopify.com/s/files/1/3105/3518/products/IMG_4183.jpg?v=1587712280,4,Size,SML,MED,LRG,XLR,1,0,"<meta charset=""utf-8""><meta charset=""utf-8"">
<div class=""pdp-main__benefits-description col-100"">
<p>For a fashionable look, this long collarless cotton shirt offers easy versatility; wear on its own or layered under a jacket. Single breast pocket.</p>
</div>
<div class=""_183fe6"">
<div class=""_f6a381""><br></div>
</div>
<div class=""_183fe6"">
<div class=""_97a1aa _7d70f3 _f6a381"" data-tstid=""theDetails-part2"">
<div class=""_27067c _f6a381"">
<p class=""_373b06"">Cotton 95% - Elastane 5%</p>
</div>
<div class=""_27067c _f6a381"">
<div data-tstid=""details-wearing"">
<p class=""_d4797a"" data-tstid=""modelFittingInformation"">Model is 6"", 155lbs  wearing size Med</p>
</div>
</div>
</div>
</div>",2020-04-24T07:01:54.000Z,mens shirts,2020-04-24T03:56:07.000Z,2022-02-04T18:41:29.000Z,men,10000,5900,Casual,true,41,true,https://cdn.shopify.com/s/files/1/3105/3518/products/IMG_4184_44d1dc91-4210-486e-9aaa-4c73393c9008.jpg?v=1587712280,5,,,,,,,,,,,,,,,,,,,,,,,,,,,,,,,,,,,,,,,,,,,,,,,,,,,,,,,,,,,,,,,,,,,,,,,,,,,,,,,,,,,,,,,,,,,,,,,,,,,,,,,,,,,,,,,,,,,,,,,,,,,,,,,,,,,,,,,,,,,,,,,,,,,,,,,,,,,,,,,,,,,,,,,,,,,,,,,,,,,,,,,,,,,,,,,,,,,,,,,,,,,,,,,,
1158479929,FLOWY BUTTON DOWN - BLACK TOP,BIA BORO KELOWNA,https://biaboro.ca/products/flowy-button-down-black-top,ChIJnYCzfKj0fVMRkzH4kkw7eBM,flowy-button-down-black-top,gastown,black shirt,button up,collared top,mens top,sales,,,,31596295979065,GE 7346,See in Store,0,52.00,SML,men,SML,,,true,1,true,2020-04-23T23:38:38-07:00,4618248323129,2020-11-01T14:57:18-08:00,https://cdn.shopify.com/s/files/1/3105/3518/products/IMG_4129.jpg?v=1587710274,1,100.00,true,31596296011833,GE 7347,See in Store,0,52.00,MED,men,MED,,,true,2,false,2020-04-23T23:38:38-07:00,4618248323129,2020-11-01T14:57:18-08:00,https://cdn.shopify.com/s/files/1/3105/3518/products/IMG_4129.jpg?v=1587710274,1,100.00,true,31596296044601,GE 7348,See in Store,0,52.00,LRG,men,LRG,,,true,3,true,2020-04-23T23:38:38-07:00,4618248323129,2020-11-01T14:57:18-08:00,https://cdn.shopify.com/s/files/1/3105/3518/products/IMG_4129.jpg?v=1587710274,1,100.00,true,31596296077369,GE 7349,See in Store,0,52.00,XLR,men,XLR,,,true,4,true,2020-04-23T23:38:38-07:00,4618248323129,2020-11-01T14:57:18-08:00,https://cdn.shopify.com/s/files/1/3105/3518/products/IMG_4129.jpg?v=1587710274,1,100.00,true,https://cdn.shopify.com/s/files/1/3105/3518/products/IMG_4129.jpg?v=1587710274,1,https://cdn.shopify.com/s/files/1/3105/3518/products/IMG_4132.jpg?v=1587712404,2,https://cdn.shopify.com/s/files/1/3105/3518/products/eabf6ed6-ae6c-44c0-92ce-a0f5b1dc65f9.jpg?v=1587710396,3,https://cdn.shopify.com/s/files/1/3105/3518/products/IMG_4130.jpg?v=1587710396,4,Size,SML,MED,LRG,XLR,1,0,"<p>Light weight mat black button down, the right top for dinner &amp; night out.</p>
<meta charset=""utf-8"">
<div class=""_183fe6"">
<div class=""_f6a381"">
<div id=""bannerComponents-Container"" class=""_6e69c5"">
<span class=""_b0e9ae""><span class=""_b4693b _b4693b _a32b92"" data-tstid=""cardInfo-description"" data-attribute=""14217665"" aria-hidden=""true""></span></span>This black cotton long-sleeve buttoned shirt is sure to be one of the favourites.</div>
<div class=""_6e69c5""></div>
<div class=""_6e69c5"">Featuring a spread collar, a front button fastening, long sleeves, button cuffs and a relaxed flowy shape.</div>
</div>
<div class=""_f6a381""></div>
<div class=""_2e181f _f6a381"">
<p data-tstid=""madeIn""><br></p>
</div>
</div>
<div class=""_183fe6"">
<div class=""_97a1aa _7d70f3 _f6a381"" data-tstid=""theDetails-part2"">
<div class=""_27067c _f6a381"">
<p class=""_373b06"">Cotton 95% - Elastane 5%</p>
</div>
<div class=""_27067c _f6a381"">
<h4 class=""_ec791b _c3d298""></h4>
</div>
<div class=""_27067c _f6a381"">
<div data-tstid=""details-wearing"">
<p class=""_d4797a"" data-tstid=""modelFittingInformation"">Model is 6"", 155lbs  wearing size Med</p>
<p class=""_d4797a""><br></p>
</div>
</div>
</div>
</div>
<div class=""_183fe6"">
<div class=""_612c0d"">
<div class=""_425e71""></div>
</div>
</div>",2020-04-24T06:37:52.000Z,mens button up,2020-04-24T03:56:07.000Z,2022-02-04T18:41:29.000Z,men,10000,5200,Casual,true,48,true,https://cdn.shopify.com/s/files/1/3105/3518/products/IMG_4129_051b921e-b446-4cb6-ba9c-13540c7e734a.jpg?v=1587710385,5,,,,,,,,,,,,,,,,,,,,,,,,,,,,,,,,,,,,,,,,,,,,,,,,,,,,,,,,,,,,,,,,,,,,,,,,,,,,,,,,,,,,,,,,,,,,,,,,,,,,,,,,,,,,,,,,,,,,,,,,,,,,,,,,,,,,,,,,,,,,,,,,,,,,,,,,,,,,,,,,,,,,,,,,,,,,,,,,,,,,,,,,,,,,,,,,,,,,,,,,,,,,,,,,
2024472659,Lakai Flaco 2 Shoes Red Canvas,Freeride Boardshop,https://freerideboardshop.com/products/lakai-flaco-2-shoes-red-canvas,ChIJJdbay3piglQRwhtaQXCSO70,lakai-flaco-2-shoes-red-canvas,lakai,BF2020,BF2021,BF20MAPP20,cf-size-10,cf-size-10-5,cf-size-11,cf-size-12,cf-size-7,27879815282771,MS2190112-10,See in Store,2000,60.00,10,men,10,,,true,1,false,2019-05-09T14:33:53-07:00,3528192622675,2021-04-28T18:05:04-07:00,,,100.00,true,27879815315539,MS2190112-9.5,See in Store,2000,60.00,9.5,men,9.5,,,true,2,false,2019-05-09T14:33:53-07:00,3528192622675,2021-04-28T18:05:04-07:00,,,100.00,true,27879815348307,MS2190112-9,See in Store,2000,60.00,9,men,9,,,true,3,false,2019-05-09T14:33:53-07:00,3528192622675,2021-04-28T18:05:04-07:00,,,100.00,true,27879815381075,8,See in Store,2000,60.00,8,men,8,,,true,4,false,2019-05-09T14:33:53-07:00,3528192622675,2021-04-28T18:05:04-07:00,,,100.00,true,https://cdn.shopify.com/s/files/1/1548/8571/products/ed9d325e4ecdedcf9a0e1b19d50ec114.jpg?v=1583433561,1,,,,,,,Size,10,9.5,9,8,1,0,<p>Stevie's new shoe is an evolution of his previous style with upgrades. The Flaco 2 fits Stevie's style perfectly with it's classic and clean silhouette. The upper consist of co-bound suede in high-wear areas and bold branding. Our advanced PARA-MOUNTª outsole technology utilizes dual density cushioning to absorb high impact. The Hex-tread design combines 360 degree flexibility for increased board feel and maximum grip. Reinforced in the arch area for added protection and support. The DELUX-LITEª sockliner uses premium foam is designed with a deep contoured heel and arch for superior comfort.</p>,2019-05-09T21:33:52.000Z,mens skate shoes,2019-05-09T21:59:07.000Z,2022-01-04T20:04:27.000Z,men,10000,6000,Casual,true,40,true,,,cf-size-8,cf-size-9,cf-size-9-5,cf-type-mens-skate-shoes,cf-vendor-lakai,HEALTHY2020,MFOOT40,spo-default,spo-disabled,su19,WELCOME10,10,,,9,,8,,27879815413843,MS2190112-7,See in Store,7,2000,60.00,7,men,7,,,true,5,true,2019-05-09T14:33:53-07:00,3528192622675,2021-04-28T18:05:04-07:00,,100.00,true,27879815446611,MS2190112-12,See in Store,12,2000,60.00,12,men,12,,,true,6,false,2019-05-09T14:33:53-07:00,3528192622675,2021-11-08T16:25:16-08:00,,100.00,true,27879815479379,MS2190112-1,See in Store,2000,60.00,11,men,11,,,true,7,false,2019-05-09T14:33:53-07:00,3528192622675,2021-08-18T11:29:35-07:00,,100.00,true,27879815512147,MS2190112-10.5,See in Store,2000,60.00,10.5,men,10.5,,,true,8,false,2019-05-09T14:33:53-07:00,3528192622675,2021-07-20T19:53:46-07:00,,100.00,true,7,12,11,10.5,,,,,,,,,,,,,,,,,,,,,,,,,,,,,,,,,,,,,,,,,,,,,,,,,,,,,,,,,,,,,,,,,,,,,,,,,,,,,,,,,,,,,,,,,,,,,,,,,,,,,,,,,,,,
-1373405101,ES EOS Shoes White/ White,Freeride Boardshop,https://freerideboardshop.com/products/es-eos-shoes-white-white,ChIJJdbay3piglQRwhtaQXCSO70,es-eos-shoes-white-white,es,BF2021,cf-size-10,cf-size-10-5,cf-size-11,cf-size-12,cf-size-9,cf-size-9-5,cf-type-mens-skate-shoes,39359967166547,5101000184102-9,See in Store,2000,57.00,9,men,9,,,true,1,false,2021-06-03T11:51:03-07:00,6569926557779,2021-10-12T17:32:50-07:00,https://cdn.shopify.com/s/files/1/1548/8571/products/5101000184-102-S-001.png?v=1622760456,1,95.00,true,39359967199315,5101000184102-9.5,See in Store,2000,57.00,9.5,men,9.5,,,true,2,false,2021-06-03T11:51:03-07:00,6569926557779,2021-10-12T17:32:50-07:00,https://cdn.shopify.com/s/files/1/1548/8571/products/5101000184-102-S-001.png?v=1622760456,1,95.00,true,39359967232083,5101000184102-10,See in Store,2000,57.00,10,men,10,,,true,3,false,2021-06-03T11:51:03-07:00,6569926557779,2021-10-12T17:32:51-07:00,https://cdn.shopify.com/s/files/1/1548/8571/products/5101000184-102-S-001.png?v=1622760456,1,95.00,true,39359967264851,5101000184102-10.5,See in Store,2000,57.00,10.5,men,10.5,,,true,4,false,2021-06-03T11:51:03-07:00,6569926557779,2021-10-12T17:32:51-07:00,https://cdn.shopify.com/s/files/1/1548/8571/products/5101000184-102-S-001.png?v=1622760456,1,95.00,true,https://cdn.shopify.com/s/files/1/1548/8571/products/5101000184-102-S-001.png?v=1622760456,1,https://cdn.shopify.com/s/files/1/1548/8571/products/5101000184-102-A-001.png?v=1622760488,2,https://cdn.shopify.com/s/files/1/1548/8571/products/5101000184-102-BO-001.png?v=1622760208,3,https://cdn.shopify.com/s/files/1/1548/8571/products/5101000184-102-TO-001.png?v=1622760421,4,Size,9,9.5,10,10.5,1,0,"<meta charset=""utf-8"">
<div class=""product-description col-xxs-12 col-sm-7"" data-mce-fragment=""1"">
<p data-mce-fragment=""1"" itemprop=""description""><strong>The reimagining of a classic. The team at éS has taken the original EOS design, a trusted standout in skate footwear for over a decade, and retooled it for today’s demanding skater. All the amazing features and function of the original have been kept: durable ollie pattering, 400NBS cupsole, sidewall stitching, strong brand representation and eyecatching heel striping. Along with all this we’ve added thinned out padding for excellent board feel, and perfected fit for improved security and control and a stiffer heel cup for increased support.</strong></p>
</div>
<div class=""product-details col-xxs-12 col-sm-5"" data-mce-fragment=""1"">
<strong><meta charset=""utf-8""></strong>
<ul class=""value"">
<li>Circular toe cap pattern for increased durability</li>
<li>400NBS rubber cupsole</li>
<li>Durable sidewall stitching</li>
<li>Minimal tongue and collar padding</li>
<li>Minimal construction for better board feel</li>
<li>Lycra tongue centering straps</li>
<li>Breathable mesh tongue</li>
<li>Leather/Synthetic</li>
</ul>
</div>",2021-06-03T18:51:03.000Z,mens skate shoes,2021-06-03T06:56:21.000Z,2022-01-04T20:03:18.000Z,men,9500,5700,Casual,true,40,true,,,cf-vendor-es,MFOOT40,spo-default,spo-disabled,su21,WELCOME10,,,,,,9,,,10,,,,39359967297619,5101000184102-11,See in Store,,2000,57.00,11,men,11,,,true,5,true,2021-06-03T11:51:03-07:00,6569926557779,2021-10-12T17:32:51-07:00,,95.00,true,39359967330387,5101000184102-12,See in Store,12,2000,57.00,12,men,12,,,true,6,false,2021-06-03T11:51:03-07:00,6569926557779,2021-10-12T17:32:51-07:00,,95.00,true,,,,,,,,,,,,,,,,,,,,,,,,,,,,,,,,,,,,,,,11,12,,,https://cdn.shopify.com/s/files/1/1548/8571/products/5101000184-102-S-001.png?v=1622760456,1,https://cdn.shopify.com/s/files/1/1548/8571/products/5101000184-102-S-001.png?v=1622760456,1,,,,,,,,,,,,,,,,,,,,,,,,,,,,,,,,,,,,,,,,,,,,,,,,,,,,,,,,,,,,,,,,,,,,,,,,,,,,,,,,,,,,,,,,,,,,,,,,,,,,,,,,
1518895187,TENTREE Joshua Hemp Shorts Gargoyle Grey,Freeride Boardshop,https://freerideboardshop.com/products/tentree-joshua-hemp-shorts-gargoyle-grey,ChIJJdbay3piglQRwhtaQXCSO70,tentree-joshua-hemp-shorts-gargoyle-grey,tentree,cf-size-l,cf-size-m,cf-type-mens-walkshorts,cf-vendor-tentree,MSUMMERSALE20,spo-default,spo-disabled,su21,39391948963923,TCM1939-M-GGRY,See in Store,1000,52.50,M,men,M,,,true,1,true,2021-07-07T10:26:28-07:00,6585703759955,2021-08-18T16:32:40-07:00,,,75.00,true,39391948996691,TCM1939-L-GGRY,See in Store,1000,52.50,L,men,L,,,true,2,true,2021-07-07T10:26:28-07:00,6585703759955,2021-08-20T11:28:56-07:00,,,75.00,true,,,,,,,,,,,,,,,,,,,,,,,,,,,,,,,,,,,,,,,,,https://cdn.shopify.com/s/files/1/1548/8571/products/TCM1939-02371-Edit_703x893.progressive_3b9eefa6-3935-44aa-8a12-2be0042b52e5.jpg?v=1625687754,1,https://cdn.shopify.com/s/files/1/1548/8571/products/TCM1939-02374-Edit_703x893.progressive_99573d9f-d63c-47a7-ba76-7a677b8a211f.jpg?v=1625687593,2,,,,,Size,M,L,,,1,0,"<p><span data-mce-fragment=""1"">Elastic waist-band? Tons of pockets? Easy to wear? Check, check, and check. Our Hemp Joshua Short is made of a super soft, super sustainable hemp blend that will have these shorts being a closet MVP on those warmer spring and summer days.</span></p>
<ul>
<li data-variant=""GARGOYLE GREY"" class=""product-desc-model"">Model is 6'1"" Chest 39, Waist 32, wearing size M</li>
<li>Relaxed, Midweight Hemp Polyester</li>
<li>53% Hemp, 44% Recycled Polyester, 3% Spandex</li>
<li>Fixed waist short, 7"" inseam, 2 front pockets, 1 back pocket, hemp and recycled polyester blend with a bit of stretch</li>
<li>This fabric has a little spandex built in for movement and comfort. Refer to our size guide to find your perfect fit.</li>
<li>Wash cold, hang dry</li>
</ul>",2021-07-07T17:26:28.000Z,mens walkshorts,2021-07-07T05:53:55.000Z,2021-12-13T16:09:39.000Z,men,7500,5250,Casual,true,30,true,,,WELCOME10,,,,,,,,,,,,,,,,,,,,,,,,,,,,,,,,,,,,,,,,,,,,,,,,,,,,,,,,,,,,,,,,,,,,,,,,,,,,,,,,,,,,,,,,,,,,,,,,,,,,,,,,,,,,,,,,,,,,,,,,,,,,,,,,,,,,,,,,,,,,,,,,,,,,,,,,,,,,,,,,,,,,,,,,,,,,,,,,,,,,,,,,,,,,,,,,,,,,,,,,,,,,,,,
1369374803,686 Everywhere Relaxed Fit Hybrid Shorts Dark Green,Freeride Boardshop,https://freerideboardshop.com/products/686-everywhere-relaxed-fit-hybrid-shorts-dark-green,ChIJJdbay3piglQRwhtaQXCSO70,686-everywhere-relaxed-fit-hybrid-shorts-dark-green,686,cf-size-30,cf-size-32,cf-size-34,cf-size-36,cf-size-38,cf-type-mens-hybrid-shorts,cf-vendor-686,MSUMMERSALE20,39391513477203,KCRGNS15-30-DGRN,See in Store,1000,70.00,30,men,30,,,true,1,true,2021-07-06T19:53:03-07:00,6585554239571,2021-09-24T14:47:52-07:00,,,100.00,true,39391513509971,KCRGNS15-32-DGRN,See in Store,1000,70.00,32,men,32,,,true,2,false,2021-07-06T19:53:03-07:00,6585554239571,2022-01-18T11:22:40-08:00,,,100.00,true,39391513542739,KCRGNS15-34-DGRN,See in Store,1000,70.00,34,men,34,,,true,3,false,2021-07-06T19:53:03-07:00,6585554239571,2021-08-18T16:31:18-07:00,,,100.00,true,39391514689619,KCRGNS15-36-DGRN,See in Store,1000,70.00,36,men,36,,,true,4,false,2021-07-06T19:54:26-07:00,6585554239571,2021-08-18T16:31:18-07:00,,,100.00,true,https://cdn.shopify.com/s/files/1/1548/8571/products/EVERYWHERE_RELEXED_SHORTS_DARKGREEN_63effa9b-9024-40d0-bfaa-73fbd7514c94.jpg?v=1625626678,1,https://cdn.shopify.com/s/files/1/1548/8571/products/EVERYWHERE_RELAXED_SHORTS_DARKGREEN_ALT_91d4ff5e-d2d7-4114-b30a-9bfdd223e1b1.jpg?v=1625626567,2,https://cdn.shopify.com/s/files/1/1548/8571/products/667x1000_0000_GREY_faaa5d7b-4fe5-40b6-8d52-94667f67edbf.jpg?v=1625626710,3,https://cdn.shopify.com/s/files/1/1548/8571/products/EVERYWHERE_COLLECTION_JAYSON8346_1d8847fa-d2c5-44b1-8f4c-ae8f634afaa0.jpg?v=1625626571,4,Size,30,32,34,36,1,0,"<p data-mce-fragment=""1"">A 10-pocket stretch hybrid short with enough pockets for all your essentials based off our best-selling Everywhere Pant for the go-everywhere, do-everything traveler.</p>
<ul data-list=""features"" data-mce-fragment=""1"">
<li data-mce-fragment=""1"">Stretch Nylon Fabric</li>
<li data-mce-fragment=""1"">Fabric Makeup: Durable 92% Nylon/8% Spandex Stretch Fabric + DWR</li>
<li data-mce-fragment=""1"">DWR (Durable Water Repellency) Water &amp; Stain Resistant Finish</li>
<li data-mce-fragment=""1"">Quick-Drying</li>
<li data-mce-fragment=""1"">Breathable Fabric and Design</li>
<li data-mce-fragment=""1"">10 Pocket Design</li>
<li data-mce-fragment=""1"">Innie + Outie Waist Drawcord (Drawcord Ends Adjust Inside or Outside the Waistband)</li>
<li data-mce-fragment=""1"">Side Zipper Vent Pocket + Packable into Mesh Bag</li>
<li data-mce-fragment=""1"">Belt Loop Stash Pocket</li>
<li data-mce-fragment=""1"">RFID Blocking Pocket to Protect Your Credit Cards</li>
<li data-mce-fragment=""1"">Hidden Back Card Pockets</li>
<li data-mce-fragment=""1"">Coin Pocket</li>
<li data-mce-fragment=""1"">Crotch Gusset for Added Mobility</li>
<li data-mce-fragment=""1"">Reinforced Buttonhole</li>
<li data-mce-fragment=""1"">Reinforced Pocket Openings</li>
<li data-mce-fragment=""1"">Signature Red Internal Cuff Chain Stitching</li>
<li data-mce-fragment=""1"">UPF (Ultraviolet Protection Factor) 40+</li>
<li data-mce-fragment=""1"">All Seams Sewn with Durable Duracore™ Thread</li>
</ul>",2021-07-07T02:53:03.000Z,mens hybrid shorts,2021-07-06T15:03:31.000Z,2022-01-18T19:26:30.000Z,men,10000,7000,Casual,true,30,true,,,spo-default,spo-disabled,su21,WELCOME10,,,,,,,,30,,,34,,,,39397206556755,KCRGNS15-38-DGRN,See in Store,,1000,70.00,38,men,38,,,true,5,false,2021-07-13T19:56:54-07:00,6585554239571,2021-08-18T16:31:18-07:00,,100.00,true,,,,,,,,,,,,,,,,,,,,,,,,,,,,,,,,,,,,,,,,,,,,,,,,,,,,,,,,,,,38,,,,,,,,32,,,,,,,,,,,,,,,,,,,,,,,,,,,,,,,,,,,,,,,,,,,,,,,,,,,,,,,,,,,,,,,,,,,,,,,,,,,,,,,,,,,,,,,,,,,,,,,,,,,,,,,
1365672019,686 Everywhere Hybrid Shorts Khaki,Freeride Boardshop,https://freerideboardshop.com/products/686-everywhere-hybrid-shorts-khaki,ChIJJdbay3piglQRwhtaQXCSO70,686-everywhere-hybrid-shorts-khaki,686,cf-size-30,cf-size-32,cf-size-34,cf-size-36,cf-size-38,cf-type-mens-hybrid-shorts,cf-vendor-686,MSUMMERSALE20,39391502270547,KCRGNS08-30-KHK,See in Store,1000,70.00,30,men,30,,,true,1,true,2021-07-06T19:27:10-07:00,6585550536787,2021-10-08T18:32:42-07:00,,,100.00,true,39391502303315,KCRGNS08-32-KHK,See in Store,1000,70.00,32,men,32,,,true,2,true,2021-07-06T19:27:10-07:00,6585550536787,2021-12-17T21:02:10-08:00,,,100.00,true,39391502336083,KCRGNS08-34-KHK,See in Store,1000,70.00,34,men,34,,,true,3,true,2021-07-06T19:27:10-07:00,6585550536787,2021-10-08T18:32:42-07:00,,,100.00,true,39391502368851,KCRGNS08-36-KHK,See in Store,1000,70.00,36,men,36,,,true,4,false,2021-07-06T19:27:10-07:00,6585550536787,2022-01-28T12:26:36-08:00,,,100.00,true,https://cdn.shopify.com/s/files/1/1548/8571/products/EVERYWHERE_KHAKI_SHORT_a6630faa-f32d-4148-920b-51263f66f37d.jpg?v=1625626702,1,https://cdn.shopify.com/s/files/1/1548/8571/products/AEVERYWHERE_SHORT_ALT_0756a57c-16bc-411d-aa01-69697a75484a.jpg?v=1625626720,2,https://cdn.shopify.com/s/files/1/1548/8571/products/EVERYWHERE_SHORT_KHAKI_a938e699-ccad-4ae9-86cd-0a5189fda1d3.jpg?v=1625626625,3,https://cdn.shopify.com/s/files/1/1548/8571/products/EVERYWHERELOADEDFLAT667_ba76063f-ff5f-4ab8-a162-20d212835ba0.jpg?v=1625626584,4,Size,30,32,34,36,1,0,"<p data-mce-fragment=""1""><strong data-mce-fragment=""1"">Modern Fit - Made to move. A regular fit through the waist, seat and thigh with an inseam length above the knee</strong></p>
<ul data-list=""features"" data-mce-fragment=""1"">
<li data-mce-fragment=""1"">Stretch Nylon Fabric</li>
<li data-mce-fragment=""1"">Fabric Makeup: Durable 92% Nylon/8% Spandex Stretch Fabric + DWR</li>
<li data-mce-fragment=""1"">DWR (Durable Water Repellency) Water &amp; Stain Resistant Finish</li>
<li data-mce-fragment=""1"">Quick-Drying</li>
<li data-mce-fragment=""1"">Breathable Fabric and Design</li>
<li data-mce-fragment=""1"">10 Pocket Design</li>
<li data-mce-fragment=""1"">Innie + Outie Waist Drawcord (Drawcord Ends Adjust Inside or Outside the Waistband)</li>
<li data-mce-fragment=""1"">Side Zipper Vent Pocket + Packable into Mesh Bag</li>
<li data-mce-fragment=""1"">Belt Loop Stash Pocket</li>
<li data-mce-fragment=""1"">RFID Blocking Pocket to Protect Your Credit Cards</li>
<li data-mce-fragment=""1"">Hidden Back Card Pockets</li>
<li data-mce-fragment=""1"">Coin Pocket</li>
<li data-mce-fragment=""1"">Crotch Gusset for Added Mobility</li>
<li data-mce-fragment=""1"">Reinforced Buttonhole</li>
<li data-mce-fragment=""1"">Reinforced Pocket Openings</li>
<li data-mce-fragment=""1"">Signature Red Internal Cuff Chain Stitching</li>
<li data-mce-fragment=""1"">UPF (Ultraviolet Protection Factor) 40+</li>
<li data-mce-fragment=""1"">All Seams Sewn with Durable Duracore™ Thread</li>
<li data-mce-fragment=""1"">94% Nylon/6% Spandex</li>
</ul>",2021-07-07T02:27:10.000Z,mens hybrid shorts,2021-07-06T15:03:29.000Z,2022-02-05T19:56:15.000Z,men,10000,7000,Casual,true,30,true,https://cdn.shopify.com/s/files/1/1548/8571/products/EVERYWHERE_SHORT_CALLOUTS.jpg?v=1625626726,5,spo-default,spo-disabled,su21,WELCOME10,,,,,,,,30,,,34,,,,39397206098003,KCRGNS08-38-KHK,See in Store,,1000,70.00,38,men,38,,,true,5,true,2021-07-13T19:55:48-07:00,6585550536787,2022-02-05T11:50:40-08:00,,100.00,true,,,,,,,,,,,,,,,,,,,,,,,,,,,,,,,,,,,,,,,,,,,,,,,,,,,,,,,,,,,38,,,,,,,,32,,,,,,,,,,,,,,,,,,,,,,,,,,,,,,,,,,,,,,,,,,,,,,,,,,,,,,,,,,,,,,,,,,,,,,,,,,,,,,,,,,,,,,,,,,,,,,,,,,,,,,,
2076082259,REEF Fanning Sandals Grey/ Volt,Freeride Boardshop,https://freerideboardshop.com/products/reef-fanning-sandals-grey-volt,ChIJJdbay3piglQRwhtaQXCSO70,reef-fanning-sandals-grey-volt,reef,cf-size-10,cf-size-11,cf-size-12,cf-size-13,cf-size-7,cf-size-8,cf-size-9,cf-type-mens-sandals,39386508099667,CI4010-7-GRYVLT,See in Store,1000,56.00,7,men,7,,,true,1,true,2021-07-02T14:18:58-07:00,6581965979731,2021-12-03T17:04:29-08:00,https://cdn.shopify.com/s/files/1/1548/8571/products/CI4010_MAIN.jpg?v=1625263169,1,80.00,true,39386506100819,CI4010-8-GRYVLT,See in Store,1000,56.00,8,men,8,,,true,2,false,2021-07-02T14:15:18-07:00,6581965979731,2021-12-03T17:04:29-08:00,https://cdn.shopify.com/s/files/1/1548/8571/products/CI4010_MAIN.jpg?v=1625263169,1,80.00,true,39386506133587,CI4010-9-GRYVLT,See in Store,1000,56.00,9,men,9,,,true,3,false,2021-07-02T14:15:18-07:00,6581965979731,2021-12-03T17:04:29-08:00,https://cdn.shopify.com/s/files/1/1548/8571/products/CI4010_MAIN.jpg?v=1625263169,1,80.00,true,39386506166355,CI4010-10-GRYVLT,See in Store,1000,56.00,10,men,10,,,true,4,true,2021-07-02T14:15:18-07:00,6581965979731,2021-12-03T17:04:29-08:00,https://cdn.shopify.com/s/files/1/1548/8571/products/CI4010_MAIN.jpg?v=1625263169,1,80.00,true,https://cdn.shopify.com/s/files/1/1548/8571/products/CI4010_MAIN.jpg?v=1625263169,1,https://cdn.shopify.com/s/files/1/1548/8571/products/CI4010_RS.jpg?v=1625263262,2,https://cdn.shopify.com/s/files/1/1548/8571/products/CI4010_LS.jpg?v=1625263198,3,https://cdn.shopify.com/s/files/1/1548/8571/products/CI4010_O.jpg?v=1625263178,4,Size,7,8,9,10,1,0,"<meta charset=""utf-8"">
<div class=""content-detail-area"" data-mce-fragment=""1"">
<div class=""container"" data-mce-fragment=""1"">
<div class=""product-description"" data-mce-fragment=""1"">
<div class=""grid"" data-mce-fragment=""1"">
<div class=""grid__item medium-up--one-half"" data-mce-fragment=""1"">
<p data-mce-fragment=""1"">This is the sandal of legendary three-time world champ and perennial pro surfing powerhouse, Mick Fanning the ultimate athletic sandal of comfortable water-friendly synthetic nubuck upper. Mick relies on the contoured injection molded Eva footbed with anatomical arch support and full 360-degree heel airbag enclosed in soft poly for good reason. And in the fun department, it also features a churchkey built into the footbed to open your soda after a surf or hanging at the pool. Reef Icon Herringbone rubber outsole. The sandals of a champion.</p>
</div>
</div>
</div>
</div>
</div>
<div class=""review-area"" data-mce-fragment=""1"">
<div class=""container"" data-mce-fragment=""1"">
<div id=""shopify-product-reviews"" data-id=""1351630553135"" data-mce-fragment=""1"">
<div class=""spr-container"" data-mce-fragment=""1"">
<div class=""spr-header"" data-mce-fragment=""1""></div>
</div>
</div>
</div>
</div>",2021-07-02T21:15:18.000Z,mens sandals,2021-07-02T09:34:35.000Z,2022-02-23T21:31:37.000Z,men,8000,5600,Casual,true,30,true,,,cf-vendor-reef,MSANDAL40,MSUMMERSALE20,spo-default,spo-disabled,su21,WELCOME10,,,,,7,,,9,,10,,39386506199123,CI4010-11-GRYVLT,See in Store,,1000,56.00,11,men,11,,,true,5,true,2021-07-02T14:15:18-07:00,6581965979731,2021-12-03T17:04:29-08:00,,80.00,true,39386506231891,CI4010-12-GRYVLT,See in Store,12,1000,56.00,12,men,12,,,true,6,false,2021-07-02T14:15:18-07:00,6581965979731,2022-02-23T13:26:21-08:00,,80.00,true,39386506264659,CI4010-13-GRYVLT,See in Store,1000,56.00,13,men,13,,,true,7,true,2021-07-02T14:15:18-07:00,6581965979731,2021-12-03T17:04:29-08:00,,80.00,true,,,,,,,,,,,,,,,,,,,,11,12,13,,https://cdn.shopify.com/s/files/1/1548/8571/products/CI4010_MAIN.jpg?v=1625263169,1,https://cdn.shopify.com/s/files/1/1548/8571/products/CI4010_MAIN.jpg?v=1625263169,1,8,https://cdn.shopify.com/s/files/1/1548/8571/products/CI4010_MAIN.jpg?v=1625263169,1,,,,,,,,,,,,,,,,,,,,,,,,,,,,,,,,,,,,,,,,,,,,,,,,,,,,,,,,,,,,,,,,,,,,,,,,,,,,,,,,,,,,,,,,,,,,,,,,,,,,,
2076573779,REEF Fanning Prints Sandals Grey Swells,Freeride Boardshop,https://freerideboardshop.com/products/reef-fanning-prints-sandals-grey-swells,ChIJJdbay3piglQRwhtaQXCSO70,reef-fanning-prints-sandals-grey-swells,reef,cf-size-10,cf-size-11,cf-size-12,cf-size-8,cf-type-mens-sandals,cf-vendor-reef,MSANDAL40,MSUMMERSALE20,39386508820563,CI4039-8-GSWL,See in Store,1000,56.00,8,men,8,,,true,1,true,2021-07-02T14:19:53-07:00,6581966471251,2021-12-03T17:04:28-08:00,https://cdn.shopify.com/s/files/1/1548/8571/products/CI4039B0093_2400x_1b0ac4e2-6868-4285-8801-42c2a943fefe.jpg?v=1625263159,1,80.00,true,39386508853331,CI4039-10-GSWL,See in Store,1000,56.00,10,men,10,,,true,2,false,2021-07-02T14:19:53-07:00,6581966471251,2021-12-03T17:04:28-08:00,https://cdn.shopify.com/s/files/1/1548/8571/products/CI4039B0093_2400x_1b0ac4e2-6868-4285-8801-42c2a943fefe.jpg?v=1625263159,1,80.00,true,39386508886099,CI4039-11-GSWL,See in Store,1000,56.00,11,men,11,,,true,3,false,2021-07-02T14:19:53-07:00,6581966471251,2022-03-14T22:02:51-07:00,https://cdn.shopify.com/s/files/1/1548/8571/products/CI4039B0093_2400x_1b0ac4e2-6868-4285-8801-42c2a943fefe.jpg?v=1625263159,1,80.00,true,39386508918867,CI4039-12-GSWL,See in Store,1000,56.00,12,men,12,,,true,4,false,2021-07-02T14:19:53-07:00,6581966471251,2022-01-10T12:02:55-08:00,https://cdn.shopify.com/s/files/1/1548/8571/products/CI4039B0093_2400x_1b0ac4e2-6868-4285-8801-42c2a943fefe.jpg?v=1625263159,1,80.00,true,https://cdn.shopify.com/s/files/1/1548/8571/products/CI4039B0093_2400x_1b0ac4e2-6868-4285-8801-42c2a943fefe.jpg?v=1625263159,1,https://cdn.shopify.com/s/files/1/1548/8571/products/CI4039B0093_SID_2400x_670a2ef6-ebe0-48df-84a5-968ced165e22.jpg?v=1625263322,2,https://cdn.shopify.com/s/files/1/1548/8571/products/CI4039B0093_TOP_2400x_10c5c640-df64-4670-b9e2-1c5f1b728efa.jpg?v=1625263163,3,https://cdn.shopify.com/s/files/1/1548/8571/products/CI4039B0093_BAV_2400x_c0bab1d4-3604-4f5c-a0ee-165d04914d6f.jpg?v=1625263191,4,Size,8,10,11,12,1,0,"<meta charset=""utf-8"">
<div class=""content-detail-area"" data-mce-fragment=""1"">
<div class=""container"" data-mce-fragment=""1"">
<div class=""product-description"" data-mce-fragment=""1"">
<div class=""grid"" data-mce-fragment=""1"">
<div class=""grid__item medium-up--one-half"" data-mce-fragment=""1"">
<p data-mce-fragment=""1"">How you become a legend: work, sweat, repeat. Surfing great Mick Fanning inspired this hard-working flip flop. With a synthetic nubuck upper, padded liner, compression molded footbed with a heel airbag, plus herringbone rubber outsole with built-in bottle opener to celebrate success.</p>
</div>
</div>
</div>
</div>
</div>
<div class=""review-area"" data-mce-fragment=""1"">
<div class=""container"" data-mce-fragment=""1"">
<div id=""shopify-product-reviews"" data-id=""6280494678204"" data-mce-fragment=""1"">
<div class=""spr-container"" data-mce-fragment=""1"">
<div class=""spr-header"" data-mce-fragment=""1""></div>
</div>
</div>
</div>
</div>",2021-07-02T21:19:53.000Z,mens sandals,2021-07-02T09:34:20.000Z,2022-03-15T05:05:46.000Z,men,8000,5600,Casual,true,30,true,,,spo-default,spo-disabled,su21,WELCOME10,,,,,,,,8,,,,,12,,,,,,,,,,,,,,,,,,,,,,,,,,,,,,,,,,,,,,,,,,,,,,,,,,,,,,,,,,,,,,,,,,,,,,,,,,,,,,,,,,,,,,,,10,,,,,,,,,,,,,,,,,,,,,,,,,,,,,,,,,,,,,,,,,,,,,,,,,,,,,,,,,,,,,,,,,,,,,,,,,,,,,,,,,,,,,,,,,,,,,,,,,,,,,,,
-1760001965,"RIP CURL Stacked 2.0 Mirage 19"" Boardshorts Washed Peach",Freeride Boardshop,https://freerideboardshop.com/products/rip-curl-stacked-2-0-mirage-19-boardshorts-washed-peach,ChIJJdbay3piglQRwhtaQXCSO70,rip-curl-stacked-2-0-mirage-19-boardshorts-washed-peach,rip curl,cf-size-28,cf-size-33,cf-size-34,cf-size-36,cf-size-38,cf-type-mens-boardshorts,cf-vendor-rip-curl,MSUMMERSALE20,39358842044499,CBORI9-28-WPCH,See in Store,1000,56.00,28,men,28,,,true,1,false,2021-06-02T11:23:58-07:00,6569539960915,2022-02-07T16:18:05-08:00,https://cdn.shopify.com/s/files/1/1548/8571/products/cbori9_7102-1.jpg?v=1622669260,1,80.00,true,39358842077267,CBORI9-33-WPCH,See in Store,1000,56.00,33,men,33,,,true,2,false,2021-06-02T11:23:58-07:00,6569539960915,2021-08-18T16:31:33-07:00,https://cdn.shopify.com/s/files/1/1548/8571/products/cbori9_7102-1.jpg?v=1622669260,1,80.00,true,39358842110035,CBORI9-34-WPCH,See in Store,1000,56.00,34,men,34,,,true,3,true,2021-06-02T11:23:58-07:00,6569539960915,2021-08-18T16:31:33-07:00,https://cdn.shopify.com/s/files/1/1548/8571/products/cbori9_7102-1.jpg?v=1622669260,1,80.00,true,39358842142803,CBORI9-36-WPCH,See in Store,1000,56.00,36,men,36,,,true,4,false,2021-06-02T11:23:58-07:00,6569539960915,2021-08-18T16:31:33-07:00,https://cdn.shopify.com/s/files/1/1548/8571/products/cbori9_7102-1.jpg?v=1622669260,1,80.00,true,https://cdn.shopify.com/s/files/1/1548/8571/products/cbori9_7102-1.jpg?v=1622669260,1,https://cdn.shopify.com/s/files/1/1548/8571/products/cbori9_7102-2.jpg?v=1622669263,2,https://cdn.shopify.com/s/files/1/1548/8571/products/cbori9_7102-3.jpg?v=1622669299,3,https://cdn.shopify.com/s/files/1/1548/8571/products/cbori9_7102-4.jpg?v=1622669407,4,Size,28,33,34,36,1,0,"<meta charset=""utf-8"">
<div class=""product-main-container"" data-mce-fragment=""1"">
<div class=""product-info-wrapper"" data-mce-fragment=""1"">
<div class=""product-info-wrapper-sticky"" data-mce-fragment=""1"">
<div class=""product-info-main"" data-mce-fragment=""1"">
<div class=""product attribute short-description"" data-mce-fragment=""1"">
<div class=""value"" data-mce-fragment=""1""><strong>Visually and legitimately stacked with features… The Mirage Stacked 2.0 is knee-length, pigmented printed, and made with Mirage Core Fabric for epic durability and stretch.</strong></div>
<div class=""value"" data-mce-fragment=""1"">
<strong><meta charset=""utf-8""></strong>
<ul>
<li>19” outseam</li>
<li>Engineered stripe print</li>
<li>Pigment printed</li>
<li>Woven labels</li>
<li>Mirage Core Fabric</li>
</ul>
</div>
</div>
</div>
</div>
</div>
</div>",2021-06-02T18:23:58.000Z,mens boardshorts,2021-06-02T06:34:09.000Z,2022-02-08T00:20:57.000Z,men,8000,5600,Casual,true,30,true,,,spo-default,spo-disabled,su21,WELCOME10,,,,,,,,28,,,34,,,,39358842175571,CBORI9-38-WPCH,See in Store,,1000,56.00,38,men,38,,,true,5,false,2021-06-02T11:23:58-07:00,6569539960915,2021-08-18T16:31:33-07:00,,80.00,true,,,,,,,,,,,,,,,,,,,,,,,,,,,,,,,,,,,,,,,,,,,,,,,,,,,,,,,,,,,38,,,,https://cdn.shopify.com/s/files/1/1548/8571/products/cbori9_7102-1.jpg?v=1622669260,1,,,,,,,,,,,,,,,,,,,,,,,,,,,,,,,,,,,,,,,,,,,,,,,,,,,,,,,,,,,,,,,,,,,,,,,,,,,,,,,,,,,,,,,,,,,,,,,,,,,,,,,,,,
1143472188,VANS AUTHENTIC LITE CHECKERBOARD,The Bumwrap,https://thebumwrap.com/products/23338_vans-authentic-lite-checkerboard,ChIJS_75iHpiglQRc0RgxnA9DbA,23338_vans-authentic-lite-checkerboard,vans,10.5m,10m/11.5w,11.5m,11m,12m,13m,5.5m/7w,5m/6.5w,9412557799484,23338-BLK/WHT5/6.5,See in Store,0,56.25,BLACK/WHITE / 5M/6.5W,men,BLACK/WHITE,5M/6.5W,,true,1,true,2018-10-10T09:52:28-07:00,795712421948,2020-03-31T13:03:35-07:00,https://cdn.shopify.com/s/files/1/0003/4570/2460/products/VANSAUTHENTICCHECK.jpg?v=1585684529,1,75.00,true,9412557832252,23338-BLK/WHT5.5/7,See in Store,0,56.25,BLACK/WHITE / 5.5M/7W,men,BLACK/WHITE,5.5M/7W,,true,2,false,2018-10-10T09:52:28-07:00,795712421948,2020-03-31T13:03:38-07:00,https://cdn.shopify.com/s/files/1/0003/4570/2460/products/VANSAUTHENTICCHECK.jpg?v=1585684529,1,75.00,true,9412557865020,23338-BLK/WHT6/7.5,See in Store,0,56.25,BLACK/WHITE / 6M/7.5W,men,BLACK/WHITE,6M/7.5W,,true,3,false,2018-10-10T09:52:28-07:00,795712421948,2020-03-31T13:03:40-07:00,https://cdn.shopify.com/s/files/1/0003/4570/2460/products/VANSAUTHENTICCHECK.jpg?v=1585684529,1,75.00,true,9412557897788,23338-BLK/WHT6.5/8,See in Store,0,56.25,BLACK/WHITE / 6.5M/8W,men,BLACK/WHITE,6.5M/8W,,true,4,false,2018-10-10T09:52:28-07:00,795712421948,2020-03-31T13:03:42-07:00,https://cdn.shopify.com/s/files/1/0003/4570/2460/products/VANSAUTHENTICCHECK.jpg?v=1585684529,1,75.00,true,https://cdn.shopify.com/s/files/1/0003/4570/2460/products/VANSAUTHENTICCHECK.jpg?v=1585684529,1,,,,,,,COLOUR,BLACK/WHITE,,,,1,0,"<h3>Additional Information:</h3>
<p><span>Vans The Canvas Authentic Lite has reengineered the iconic Vans low top style using innovative construction methods to improve comfort, increase flexibility, and reduce the overall weight. Featuring sturdy 6 oz. canvas uppers, added heel cushioning, and UltraCush Lite sockliners for long lasting comfort, the Authentic Lite offers a new lightweight fit and feel while maintaining the classic aesthetic of the original style. </span></p>
<table>
<tbody>
<tr>
<td style=""padding: 3px; text-align: right;"">PLU:</td>
<td style=""padding: 3px; text-align: left;"">23338</td>
</tr>
</tbody>
</table>",2018-10-10T16:52:27.000Z,mens shoes,2018-10-10T16:52:27.000Z,2022-01-20T00:07:18.000Z,men,7500,5625,Casual,true,25,true,,,6.5m/8w,6m/7.5w,7.5/9w,7m/8.5w,8.5n/10w,8m/9.5w,9.5m/11w,9m/10.5w,authentic,black/white,checkerboard,,,,,,,,9412557930556,23338-BLK/WHT7/8.5,See in Store,,0,56.25,BLACK/WHITE / 7M/8.5W,men,BLACK/WHITE,7M/8.5W,,true,5,false,2018-10-10T09:52:28-07:00,795712421948,2020-03-31T13:03:45-07:00,,75.00,true,9412557963324,23338-BLK/WHT7.5M/9W,See in Store,,0,56.25,BLACK/WHITE / 7.5/9W,men,BLACK/WHITE,7.5/9W,,true,6,false,2018-10-10T09:52:28-07:00,795712421948,2020-03-31T13:03:47-07:00,,75.00,true,9412557996092,23338-BLK/WHT9/10.5,See in Store,0,56.25,BLACK/WHITE / 9M/10.5W,men,BLACK/WHITE,9M/10.5W,,true,7,false,2018-10-10T09:52:28-07:00,795712421948,2020-03-31T13:03:49-07:00,,75.00,true,9412558028860,23338-BLK/WHT9.5/11,See in Store,0,56.25,BLACK/WHITE / 9.5M/11W,men,BLACK/WHITE,9.5M/11W,,true,8,false,2018-10-10T09:52:28-07:00,795712421948,2020-03-31T13:03:52-07:00,,75.00,true,,,,,https://cdn.shopify.com/s/files/1/0003/4570/2460/products/VANSAUTHENTICCHECK.jpg?v=1585684529,1,https://cdn.shopify.com/s/files/1/0003/4570/2460/products/VANSAUTHENTICCHECK.jpg?v=1585684529,1,,https://cdn.shopify.com/s/files/1/0003/4570/2460/products/VANSAUTHENTICCHECK.jpg?v=1585684529,1,lite,vans,https://cdn.shopify.com/s/files/1/0003/4570/2460/products/VANSAUTHENTICCHECK.jpg?v=1585684529,1,9412558061628,23338-BLK/WHT10/11.5,See in Store,0,56.25,BLACK/WHITE / 10M/11.5W,men,BLACK/WHITE,10M/11.5W,,true,9,false,2018-10-10T09:52:28-07:00,795712421948,2020-03-31T13:03:54-07:00,https://cdn.shopify.com/s/files/1/0003/4570/2460/products/VANSAUTHENTICCHECK.jpg?v=1585684529,1,75.00,true,9412558094396,23338-BLK/WHT10.5,See in Store,0,56.25,BLACK/WHITE / 10.5M,men,BLACK/WHITE,10.5M,,true,10,false,2018-10-10T09:52:28-07:00,795712421948,2020-03-31T13:03:57-07:00,https://cdn.shopify.com/s/files/1/0003/4570/2460/products/VANSAUTHENTICCHECK.jpg?v=1585684529,1,75.00,true,9412558127164,23338-BLK/WHT11,See in Store,0,56.25,BLACK/WHITE / 11M,men,BLACK/WHITE,11M,,true,11,false,2018-10-10T09:52:28-07:00,795712421948,2020-03-31T13:03:59-07:00,https://cdn.shopify.com/s/files/1/0003/4570/2460/products/VANSAUTHENTICCHECK.jpg?v=1585684529,1,75.00,true,9412558159932,23338-BLK/WHT12,See in Store,0,56.25,BLACK/WHITE / 12M,men,BLACK/WHITE,12M,,true,12,false,2018-10-10T09:52:28-07:00,795712421948,2020-04-25T15:52:35-07:00,https://cdn.shopify.com/s/files/1/0003/4570/2460/products/VANSAUTHENTICCHECK.jpg?v=1585684529,1,75.00,true,SIZE,5M/6.5W,5.5M/7W,6M/7.5W,6.5M/8W,7M/8.5W,7.5/9W,9M/10.5W,9.5M/11W,10M/11.5W,10.5M,11M,12M,2,Accessories,,
-1784348589,ROARK Layover Trail Travel Shorts Camo,Freeride Boardshop,https://freerideboardshop.com/products/roark-layover-trail-travel-shorts-camo,ChIJJdbay3piglQRwhtaQXCSO70,roark-layover-trail-travel-shorts-camo,roark revival,cf-size-30,cf-size-31,cf-size-32,cf-size-33,cf-size-34,cf-size-36,cf-type-mens-walkshorts,cf-vendor-roark-revival,39395073589331,RS279-30-CMO,See in Store,1000,59.50,30,men,30,,,true,1,true,2021-07-10T16:25:41-07:00,6586695483475,2021-09-24T14:47:07-07:00,,,85.00,true,39395073622099,RS279-31-CMO,See in Store,1000,59.50,31,men,31,,,true,2,false,2021-07-10T16:25:41-07:00,6586695483475,2021-08-18T16:32:08-07:00,,,85.00,true,39395073654867,RS279-32-CMO,See in Store,1000,59.50,32,men,32,,,true,3,true,2021-07-10T16:25:41-07:00,6586695483475,2021-09-24T14:47:08-07:00,,,85.00,true,39395073687635,RS279-33-CMO,See in Store,1000,59.50,33,men,33,,,true,4,true,2021-07-10T16:25:41-07:00,6586695483475,2021-09-24T14:47:06-07:00,,,85.00,true,https://cdn.shopify.com/s/files/1/1548/8571/products/RS279_CAM_001_1440x_8d1055be-3390-43cb-a18c-a0f00302cf14.jpg?v=1625968013,1,https://cdn.shopify.com/s/files/1/1548/8571/products/RS279_CAM_101_1440x_0b82523f-18ec-46a9-8b56-d8c285390e70.jpg?v=1625968112,2,https://cdn.shopify.com/s/files/1/1548/8571/products/RS279_CAM_002_720x_d764f4c3-72a7-42a9-b319-35424c447713.jpg?v=1625968073,3,,,Size,30,31,32,33,1,0,"<p data-mce-fragment=""1""><span data-mce-fragment=""1"">A new and inspired 18” outseam adventure short now constructed of 4-way stretch, providing a quick drying and durable experience. The latest Layover Trail short now features a self stowing back pocket so you can pack tight and always have a trusty counterpart on hand. The short also features a drawstring closure waistband with zipper fly and front extended long zip pocket with internal stash sleeve intended to accommodate all adventure goods. Back patch pocket with button closure and small stash pocket at back yoke for quick cell phone storage.</span></p>
<div class=""accordion_head active"" data-mce-fragment=""1"">
<strong data-mce-fragment=""1"">Features</strong><span class=""plusminus_icon minusIcon"" data-mce-fragment=""1""></span>
</div>
<div class=""accordion_body accordion_body-two"" data-mce-fragment=""1"">
<ul data-mce-fragment=""1"">
<li data-mce-fragment=""1"">Durable 4-way stretch</li>
<li data-mce-fragment=""1"">Drawstring travel waist and zip fly</li>
<li data-mce-fragment=""1"">Oversized adventure zip pockets with mesh drainage</li>
<li data-mce-fragment=""1"">Button closure patch pockets at back</li>
<li data-mce-fragment=""1"">Packable into back right pocket</li>
<li data-mce-fragment=""1"">Cell stash pocket</li>
<li data-mce-fragment=""1"">Outseam: 18”</li>
<li data-mce-fragment=""1"">Inseam: 7 ½""</li>
</ul>
</div>",2021-07-10T23:25:41.000Z,mens walkshorts,2021-07-10T11:44:18.000Z,2022-01-03T00:00:06.000Z,men,8500,5950,Casual,true,30,true,,,MSUMMERSALE20,spo-default,spo-disabled,su21,WELCOME10,,,,,,,30,,,32,,,,39395073720403,RS279-34-CMO,See in Store,34,1000,59.50,34,men,34,,,true,5,true,2021-07-10T16:25:41-07:00,6586695483475,2021-09-24T14:47:06-07:00,,85.00,true,39395073753171,RS279-36-CMO,See in Store,,1000,59.50,36,men,36,,,true,6,false,2021-07-10T16:25:41-07:00,6586695483475,2021-08-18T16:32:08-07:00,,85.00,true,,,,,,,,,,,,,,,,,,,,,,,,,,,,,,,,,,,,,,,34,36,,,,,,,31,,,,,,,,,,,,,,,,,,,,,,,,,,,,,,,,,,,,,,,,,,,,,,,,,,,,,,,,,,,,,,,,,,,,,,,,,,,,,,,,,,,,,,,,,,,,,,,,,,,,,,,
-1786544045,ROARK Layover Stretch Travel Short Militay,Freeride Boardshop,https://freerideboardshop.com/products/roark-layover-stretch-travel-short-militay,ChIJJdbay3piglQRwhtaQXCSO70,roark-layover-stretch-travel-short-militay,roark revival,cf-size-28,cf-size-30,cf-size-31,cf-size-32,cf-size-34,cf-size-36,cf-size-38,cf-type-mens-walkshorts,39395071983699,RS260-28-MIL,See in Store,1000,59.50,28,men,28,,,true,1,false,2021-07-10T16:16:15-07:00,6586693288019,2021-08-18T16:32:07-07:00,,,85.00,true,39395072016467,RS260-30-MIL,See in Store,1000,59.50,30,men,30,,,true,2,true,2021-07-10T16:16:15-07:00,6586693288019,2021-10-08T18:32:42-07:00,,,85.00,true,39395072049235,RS260-31-MIL,See in Store,1000,59.50,31,men,31,,,true,3,false,2021-07-10T16:16:15-07:00,6586693288019,2021-08-18T16:32:07-07:00,,,85.00,true,39395072082003,RS260-32-MIL,See in Store,1000,59.50,32,men,32,,,true,4,false,2021-07-10T16:16:15-07:00,6586693288019,2021-08-18T16:32:07-07:00,,,85.00,true,https://cdn.shopify.com/s/files/1/1548/8571/products/RS260_MIL_001_1_1440x_d1adf88d-82e0-49ea-abf3-2a3bef0f10c3.jpg?v=1625968057,1,https://cdn.shopify.com/s/files/1/1548/8571/products/RS260_MIL_001_1440x_af63dc7a-5c84-478a-b0cb-e74b4a0686e4.jpg?v=1625968001,2,https://cdn.shopify.com/s/files/1/1548/8571/products/RS260_MIL_002_1_1440x_bbd1bc1d-830e-4589-9aad-b2bdfaf4e774.jpg?v=1625968081,3,,,Size,28,30,31,32,1,0,"<p data-mce-fragment=""1"">A new and inspired 19” outseam travel short. Drawstring closure waistband with zipper fly and front extended long zip pocket with internal stash sleeve intended to accommodate all travel documents. Back patch pocket with button closure and small stash pocket at back yoke for quick cell phone storage. Back yoke vented mesh panel for breathability and comfort.</p>
<p data-mce-fragment=""1""><strong data-mce-fragment=""1"">Features</strong></p>
<div class=""accordion_head active"" data-mce-fragment=""1""><span class=""plusminus_icon minusIcon"" data-mce-fragment=""1""></span></div>
<div class=""accordion_body accordion_body-two"" data-mce-fragment=""1"">
<ul data-mce-fragment=""1"">
<li data-mce-fragment=""1""><span data-mce-fragment=""1"">230gm blended stretch canvas</span></li>
<li data-mce-fragment=""1""><span data-mce-fragment=""1"">Drawstring travel waist &amp; zip fly</span></li>
<li data-mce-fragment=""1""><span data-mce-fragment=""1"">Oversized travel doc zip pockets</span></li>
<li data-mce-fragment=""1""><span data-mce-fragment=""1"">Cell stash pocket</span></li>
<li data-mce-fragment=""1""><span data-mce-fragment=""1"">Mesh ventilation panel</span></li>
<li data-mce-fragment=""1""><span data-mce-fragment=""1"">Slim straight fit</span></li>
<li data-mce-fragment=""1"">Inseam<span data-mce-fragment=""1"">: 8 </span><span data-mce-fragment=""1"">½""</span>
</li>
</ul>
<div class=""accordion_head active"" data-mce-fragment=""1""><strong data-mce-fragment=""1"">Materials + Care</strong></div>
<div class=""accordion_head active"" data-mce-fragment=""1"">
<ul data-mce-fragment=""1"">
<li data-mce-fragment=""1"">53% Cotton, 44% Nylon, 3% Elastane</li>
</ul>
</div>
</div>",2021-07-10T23:16:15.000Z,mens walkshorts,2021-07-10T11:44:16.000Z,2022-01-03T00:00:04.000Z,men,8500,5950,Casual,true,30,true,,,cf-vendor-roark-revival,MSUMMERSALE20,spo-default,spo-disabled,su21,WELCOME10,,,,,,28,,,31,,32,,39395072114771,RS260-34-MIL,See in Store,34,1000,59.50,34,men,34,,,true,5,true,2021-07-10T16:16:15-07:00,6586693288019,2021-09-24T14:47:52-07:00,,85.00,true,39395072147539,RS260-36-MIL,See in Store,,1000,59.50,36,men,36,,,true,6,true,2021-07-10T16:16:15-07:00,6586693288019,2021-10-08T18:32:42-07:00,,85.00,true,39395072180307,RS260-38-MIL,See in Store,1000,59.50,38,men,38,,,true,7,true,2021-07-10T16:16:15-07:00,6586693288019,2021-10-08T18:32:42-07:00,,85.00,true,,,,,,,,,,,,,,,,,,,,34,36,38,,,,,,30,,,,,,,,,,,,,,,,,,,,,,,,,,,,,,,,,,,,,,,,,,,,,,,,,,,,,,,,,,,,,,,,,,,,,,,,,,,,,,,,,,,,,,,,,,,,,,,,,,,,,,,
-1784217517,ROARK Layover 2.0 Shorts Military,Freeride Boardshop,https://freerideboardshop.com/products/roark-layover-2-0-shorts-military,ChIJJdbay3piglQRwhtaQXCSO70,roark-layover-2-0-shorts-military,roark revival,cf-size-30,cf-size-32,cf-size-33,cf-size-34,cf-size-36,cf-size-38,cf-type-mens-walkshorts,cf-vendor-roark-revival,39395074244691,RS288-30-MIL,See in Store,1000,63.00,30,men,30,,,true,1,true,2021-07-10T16:28:08-07:00,6586695614547,2021-10-08T18:32:42-07:00,,,90.00,true,39395073884243,RS288-32-MIL,See in Store,1000,63.00,32,men,32,,,true,2,false,2021-07-10T16:26:16-07:00,6586695614547,2022-02-15T13:47:15-08:00,,,90.00,true,39395073917011,RS288-33-MIL,See in Store,1000,63.00,33,men,33,,,true,3,false,2021-07-10T16:26:16-07:00,6586695614547,2021-08-18T16:32:06-07:00,,,90.00,true,39395073949779,RS288-34-MIL,See in Store,1000,63.00,34,men,34,,,true,4,false,2021-07-10T16:26:17-07:00,6586695614547,2021-08-18T16:32:06-07:00,,,90.00,true,https://cdn.shopify.com/s/files/1/1548/8571/products/193313068543-1.1616057022.jpg?v=1625968039,1,,,,,,,Size,30,32,33,34,1,0,"<p data-mce-fragment=""1""><span data-mce-fragment=""1"">A new and evolved version of our 19"" travel short. Drawstring closure that wraps entire waistband with zipper fly, front extended long zip pocket with internal stash sleeve intended to accommodate all travel documents. Back patch pocket with button closure and small stash pocket at back yoke for quick cell phone storage. The back yoke vented mesh panel now constructed with laser-cut perforations for breathability and comfort.</span></p>
<p data-mce-fragment=""1""><strong data-mce-fragment=""1"">Features</strong></p>
<div class=""accordion_head active"" data-mce-fragment=""1""><span class=""plusminus_icon minusIcon"" data-mce-fragment=""1""></span></div>
<div class=""accordion_body accordion_body-two"" data-mce-fragment=""1"">
<ul data-mce-fragment=""1"">
<li data-mce-fragment=""1"">230gm blended stretch canvas</li>
<li data-mce-fragment=""1"">Drawstring travel waist &amp; zip fly </li>
<li data-mce-fragment=""1"">Oversized travel doc zip pockets</li>
<li data-mce-fragment=""1"">Cell stash pocket</li>
<li data-mce-fragment=""1"">Mesh ventilation panel </li>
<li data-mce-fragment=""1"">19” Outseam</li>
</ul>
<div class=""accordion_head active"" data-mce-fragment=""1"">
<strong data-mce-fragment=""1"">Materials + Care</strong><span class=""plusminus_icon minusIcon"" data-mce-fragment=""1""></span>
</div>
<div class=""accordion_body accordion_body-two"" data-mce-fragment=""1"">
<ul data-mce-fragment=""1"">
<li data-mce-fragment=""1"">70% Cotton / 26% Nylon / 4% Elastane</li>
</ul>
</div>
</div>",2021-07-10T23:26:16.000Z,mens walkshorts,2021-07-10T11:44:08.000Z,2022-02-15T21:51:09.000Z,men,9000,6300,Casual,true,30,true,,,MSUMMERSALE20,spo-default,spo-disabled,su21,WELCOME10,,,,,,,30,,,,,34,,39395073982547,RS288-36-MIL,See in Store,,1000,63.00,36,men,36,,,true,5,true,2021-07-10T16:26:17-07:00,6586695614547,2021-10-08T18:32:42-07:00,,90.00,true,39395074310227,RS288-38-MIL,See in Store,,1000,63.00,38,men,38,,,true,6,true,2021-07-10T16:28:18-07:00,6586695614547,2021-08-18T16:32:06-07:00,,90.00,true,,,,,,,,,,,,,,,,,,,,,,,,,,,,,,,,,,,,,,,36,38,,,,,,,32,,,,,,,,,,,,,,,,,,,,,,,,,,,,,,,,,,,,,,,,,,,,,,,,,,,,,,,,,,,,,,,,,,,,,,,,,,,,,,,,,,,,,,,,,,,,,,,,,,,,,,,
-1794178989,ROARK Passage Boatman Boardshorts Military,Freeride Boardshop,https://freerideboardshop.com/products/roark-passage-boatman-boardshorts-military,ChIJJdbay3piglQRwhtaQXCSO70,roark-passage-boatman-boardshorts-military,roark revival,cf-size-31,cf-size-32,cf-size-34,cf-type-mens-boardshorts,cf-vendor-roark-revival,MSUMMERSALE20,spo-default,spo-disabled,39395064315987,RB284-31-MIL,See in Store,1000,66.50,31,men,31,,,true,1,true,2021-07-10T15:47:07-07:00,6586685653075,2022-03-12T13:10:16-08:00,,,95.00,true,39395064348755,RB284-32-MIL,See in Store,1000,66.50,32,men,32,,,true,2,true,2021-07-10T15:47:07-07:00,6586685653075,2021-09-24T14:47:07-07:00,,,95.00,true,39395064381523,RB284-34-MIL,See in Store,1000,66.50,34,men,34,,,true,3,true,2021-07-10T15:47:07-07:00,6586685653075,2021-09-24T14:47:06-07:00,,,95.00,true,,,,,,,,,,,,,,,,,,,,,https://cdn.shopify.com/s/files/1/1548/8571/products/RB284_MIL_001_1024x_db502805-341d-4d64-94e0-9867e7022c58.jpg?v=1625968029,1,https://cdn.shopify.com/s/files/1/1548/8571/products/roark-passage-boatman-boardshorts-6.jpg?v=1625968101,2,,,,,Size,31,32,34,,1,0,"<div class=""accordion_body"" data-mce-fragment=""1"">
<p data-mce-fragment=""1"">Originally designed for the Jamaican Orcabessa Sanctuary Fishing Wardens, with mixed fabric construction and 4-way stretch body paneling with non-stretch durable Nylon Supplex in the back and thru the waistband. Nylon Supplex adds durability for extended wear. Side zipper pocket with internal drainage holes and side utility tool pocket. Specifically placed seam angles drive performance and eliminate chafing and seam obstruction.</p>
</div>
<div class=""accordion_head active"" data-mce-fragment=""1"">
<strong data-mce-fragment=""1"">Features</strong><span class=""plusminus_icon minusIcon"" data-mce-fragment=""1""></span>
</div>
<div class=""accordion_body accordion_body-two"" data-mce-fragment=""1"">
<ul data-mce-fragment=""1"">
<li data-mce-fragment=""1"">A concept in durability and function</li>
<li data-mce-fragment=""1"">4-way stretch front body</li>
<li data-mce-fragment=""1"">Durable nylon supplex back panel and waistband</li>
<li data-mce-fragment=""1"">Forward angle sideseam</li>
<li data-mce-fragment=""1"">19” outseam</li>
</ul>
<div class=""accordion_head active"" data-mce-fragment=""1"">
<strong data-mce-fragment=""1"">Materials + Care</strong><span class=""plusminus_icon minusIcon"" data-mce-fragment=""1""></span>
</div>
<div class=""accordion_body accordion_body-two"" data-mce-fragment=""1"">
<ul data-mce-fragment=""1"">
<li data-mce-fragment=""1"">92% Polyester / 8% Elastane</li>
</ul>
</div>
</div>",2021-07-10T22:47:07.000Z,mens boardshorts,2021-07-10T11:44:07.000Z,2022-03-12T21:16:17.000Z,men,9500,6650,Casual,true,30,true,,,su21,WELCOME10,,,,,,,,,,31,,,34,,,,,,,,,,,,,,,,,,,,,,,,,,,,,,,,,,,,,,,,,,,,,,,,,,,,,,,,,,,,,,,,,,,,,,,,,,,,,,,,,,,,,,,,,,32,,,,,,,,,,,,,,,,,,,,,,,,,,,,,,,,,,,,,,,,,,,,,,,,,,,,,,,,,,,,,,,,,,,,,,,,,,,,,,,,,,,,,,,,,,,,,,,,,,,,,,,
-167870381,"HURLEY Phantom Explore Apex 17.5"" Boardshorts Black Combo",Freeride Boardshop,https://freerideboardshop.com/products/hurley-phantom-explore-apex-17-5-boardshorts-black-combo,ChIJJdbay3piglQRwhtaQXCSO70,hurley-phantom-explore-apex-17-5-boardshorts-black-combo,hurley,cf-size-l,cf-size-m,cf-size-s,cf-size-xl,cf-type-mens-boardshorts,cf-vendor-hurley,MSUMMERSALE20,spo-default,39375641477203,CW1000-S-BCB,See in Store,1000,56.00,S,men,S,,,true,1,false,2021-06-18T12:35:34-07:00,6575427059795,2021-08-18T16:31:50-07:00,https://cdn.shopify.com/s/files/1/1548/8571/products/ScreenShot2021-06-13at12.32.36PM.png?v=1624308361,1,80.00,true,39370197663827,CW1000-M-BCB,See in Store,1000,56.00,M,men,M,,,true,2,true,2021-06-13T12:30:21-07:00,6575427059795,2021-08-18T16:31:50-07:00,https://cdn.shopify.com/s/files/1/1548/8571/products/ScreenShot2021-06-13at12.32.36PM.png?v=1624308361,1,80.00,true,39370197696595,CW1000-L-BCB,See in Store,1000,56.00,L,men,L,,,true,3,false,2021-06-13T12:30:21-07:00,6575427059795,2021-08-18T16:31:50-07:00,https://cdn.shopify.com/s/files/1/1548/8571/products/ScreenShot2021-06-13at12.32.36PM.png?v=1624308361,1,80.00,true,39370197729363,CW1000-XL-BCB,See in Store,1000,56.00,XL,men,XL,,,true,4,false,2021-06-13T12:30:21-07:00,6575427059795,2022-01-09T05:29:30-08:00,https://cdn.shopify.com/s/files/1/1548/8571/products/ScreenShot2021-06-13at12.32.36PM.png?v=1624308361,1,80.00,true,https://cdn.shopify.com/s/files/1/1548/8571/products/ScreenShot2021-06-13at12.32.36PM.png?v=1624308361,1,,,,,,,Size,S,M,L,XL,1,0,"<p><meta charset=""utf-8""><span data-mce-fragment=""1"">The Hurley Explore Phantom + Apex Shorts are made to move with you while the mesh elastic waistband keeps you comfortable. With mega mobility, durability, and quick-dry fabrics these will quickly become your go-to no matter where you are going.</span></p>
<h3>Details</h3>
<ul>
<li>Phantom+ 4-way stretch fabric with DWR coating provides maximum mobility, durability, and quick dry</li>
<li>Body: 86% recycled polyester/14% spandex</li>
<li>UPF 50+ sun protection</li>
<li>17.5” outseam</li>
<li>Breathable mesh elastic waistband with 2-way drawcord closure</li>
<li>Inset leg panels for breathability and mobility.</li>
<li>On-seam zip pocket at wearer’s left hip</li>
<li>Screen-printed logo</li>
</ul>",2021-06-13T19:30:21.000Z,mens boardshorts,2021-06-13T10:56:04.000Z,2022-01-09T13:30:37.000Z,men,8000,5600,Casual,true,30,true,,,spo-disabled,su21,WELCOME10,,,,,,,,,,,,,,,,,,,,,,,,,,,,,,,,,,,,,,,,,,,,,,,,,,,,,,,,,,,,,,,,,,,,,,,,,,,,,,,,,,,,,,,,,,,,,,,,,,,,,,,,,,,,,,,,,,,,,,,,,,,,,,,,,,,,,,,,,,,,,,,,,,,,,,,,,,,,,,,,,,,,,,,,,,,,,,,,,,,,,,,,,,,,,,,,,,,,,,,,,,,,,
1076723795,SMITH Scout MIPS Snow Helmet Matte French Navy 2022,Freeride Boardshop,https://freerideboardshop.com/products/smith-scout-mips-snow-helmet-matte-french-navy-2023,ChIJJdbay3piglQRwhtaQXCSO70,smith-scout-mips-snow-helmet-matte-french-navy-2023,smith,cf-size-l,cf-size-m,cf-size-s,cf-type-mens-snow-helmets,cf-vendor-smith,spo-default,spo-disabled,w22,39473747427411,E006322TU5155,See in Store,2000,84.00,S,men,S,,,true,1,true,2021-10-02T16:06:58-07:00,6623916294227,2022-03-26T12:45:35-07:00,,,140.00,true,39473747230803,E006322TU5559,See in Store,2000,84.00,M,men,M,,,true,2,false,2021-10-02T16:06:42-07:00,6623916294227,2022-03-22T10:24:49-07:00,,,140.00,true,39473747263571,E006322TU5963,See in Store,2000,84.00,L,men,L,,,true,3,false,2021-10-02T16:06:42-07:00,6623916294227,2022-03-22T10:24:49-07:00,,,140.00,true,,,,,,,,,,,,,,,,,,,,,https://cdn.shopify.com/s/files/1/1548/8571/products/E006322TU5155_01.png?v=1633220327,1,,,,,,,Size,S,M,L,,1,0,"<p><span data-mce-fragment=""1"">Bombshell durability. Check. MIPS® multi-directional impact protection. Check. The Smith Scout ski and snowboard helmet blends everyday hardshell durability with the latest impact-absorbing tech so you can dial in your bag of tricks in the park or anywhere on the hill. Because no two people are the same, its lifestyle fit adapts to your head. Pull the ear pads come spring, or add a beanie on the coldest storm days. No matter the weather, eight fixed vents keep the air flowing for fog-free goggles and climate controlled comfort. All-season certification means you can wear it in the skate park and on your bike, too.</span></p>
<h3>Protection</h3>
<ul>
<li>Advanced ABS construction for increased impact protection and all-around durability</li>
<li>MIPS® Brain Protection System reduces rotational forces caused by angled impacts to the head</li>
<li>Select colorways offered without MIPS® system</li>
<li>Certification: ASTM F 2040 CE EN 1077:2007 CLASS B</li>
<li>Dual-certification all-season use</li>
</ul>
<h3>Fit / Integration</h3>
<ul>
<li>Designed for ultimate integration with Smith goggles for maximum comfort and venting</li>
<li>AirEvac™ ventilation system integrates with Smith goggles for fog-free lenses</li>
<li>Self-adjusting lifestyle fit system flexes to match your head shape for maximum comfort</li>
<li>Removable bombshell ear pads for form-fitting comfort</li>
</ul>
<h3>Features</h3>
<ul>
<li>Eight fixed vents for consistent airflow</li>
<li>Removable goggle strap lock for streamlined shell when goggles are worn under helmet</li>
<li>Beanie compatible</li>
<li>Weight (Size M, MIPS®): 18 oz / 500 g</li>
</ul>
<p><strong>Size Chart</strong></p>
<ul>
<li>S <span data-mce-fragment=""1"">51-55cm</span><br>
</li>
<li>M <span data-mce-fragment=""1"">55-59cm</span>
</li>
<li>L <span data-mce-fragment=""1"">59-63cm</span>
</li>
<li>XL <span data-mce-fragment=""1"">63-67cm</span>
</li>
</ul>",2021-10-02T23:06:42.000Z,mens snow helmets,2022-02-03T12:44:52.000Z,2022-03-26T19:45:35.000Z,men,14000,8400,Casual,true,40,true,,,WSHARDGOODS40,,,,,,,,,,,,,,,,,,,,,,,,,,,,,,,,,,,,,,,,,,,,,,,,,,,,,,,,,,,,,,,,,,,,,,,,,,,,,,,,,,,,,,,,,,,,,,,,,,,,,,,,,,,,,,,,,,,,,,,,,,,,,,,,,,,,,,,,,,,,,,,,,,,,,,,,,,,,,,,,,,,,,,,,,,,,,,,,,,,,,,,,,,,,,,,,,,,,,,,,,,,,,,,
-267124653,BERN Macon 2.0 MIPS Snow Helmet Black 2022,Freeride Boardshop,https://freerideboardshop.com/products/bern-macon-2-0-mips-snow-helmet-black-2022,ChIJJdbay3piglQRwhtaQXCSO70,bern-macon-2-0-mips-snow-helmet-black-2022,bern,cf-size-l,cf-size-m,cf-size-s,cf-type-mens-snow-helmets,cf-vendor-bern,w22,WSHARDGOODS30,,39634012242003,BER21N011-S-BLK,See in Store,1000,98.00,S,men,S,,,true,1,true,2022-01-07T22:53:20-08:00,6682701987923,2022-03-16T13:56:20-07:00,,,140.00,true,39634012274771,BER21N011-M-BLK,See in Store,1000,98.00,M,men,M,,,true,2,false,2022-01-07T22:53:20-08:00,6682701987923,2022-03-24T10:41:55-07:00,,,140.00,true,39634012307539,BER21N011-L-BLK,See in Store,1000,98.00,L,men,L,,,true,3,true,2022-01-07T22:53:20-08:00,6682701987923,2022-03-30T16:20:51-07:00,,,140.00,true,,,,,,,,,,,,,,,,,,,,,https://cdn.shopify.com/s/files/1/1548/8571/products/Macon-2.0-MIPS-Matte-Black-1_1512x_e4c94080-e5a4-4f3a-9152-c92f0b630124.png?v=1641628128,1,https://cdn.shopify.com/s/files/1/1548/8571/products/Macon-2.0-MIPS-Matte-Black-2_1512x_541572c6-fd8b-4534-8a15-0bfaaf593e8d.png?v=1641628151,2,https://cdn.shopify.com/s/files/1/1548/8571/products/Macon-2.0-MIPS-Matte-Black-3_1512x_846cae6b-bb14-490e-9f86-fbc9ea78a7b7.png?v=1641628146,3,https://cdn.shopify.com/s/files/1/1548/8571/products/Macon-2.0-MIPS-Matte-Black-4_1512x_f6b28d44-7ffe-417b-bf82-3e8938039c89.png?v=1641628133,4,Size,S,M,L,,1,0,"<p><span data-mce-fragment=""1"">Nobody wants to ski with a fishbowl on their head. It would be terrible for the health of the fish, plus it would provide little-to-no protection in the event of a crash. That’s where the Winter Macon 2.0 comes in, ready to shred straight out of the box. This thing features our no-fuss EZ Fit system, Mips rotational injury protection liner, and our staple low profile design. Don’t let the name fool you, the Winter Macon 2.0 comes locked and loaded with everything needed for year-round shredding, including a winter knit kit for below freezing temps and a summer liner designed for warm days on the bike. Honestly, just writing this product description has us ready to run through a brick wall, but that totally voids the warranty so we’re just gonna go skiing instead.</span></p>
<div>Avg. Weight<span> </span>376 Grams</div>
<div>Construction<span> </span>ThinShell</div>
<div>Fit System<span> </span>EZ Fit</div>
<div>Vents<span> </span>12</div>",2022-01-08T06:53:20.000Z,mens snow helmets,2022-01-08T06:53:22.000Z,2022-03-30T23:25:55.000Z,men,14000,9800,Casual,true,30,true,https://cdn.shopify.com/s/files/1/1548/8571/products/Macon-2.0-MIPS-Matte-Black-5_1512x_c49b4976-5aa5-487b-8d23-2064331ea2d5.png?v=1641628137,5,,,,,,,,,,,,,,,,,,,,,,,,,,,,,,,,,,,,,,,,,,,,,,,,,,,,,,,,,,,,,,,,,,,,,,,,,,,,,,,,,,,,,,,,,,,,,,,,,,,,,,,,,,,,,,,,,,,,,,,,,,,,,,,,,,,,,,,,,,,,,,,,,,,,,,,,,,,,,,,,,,,,,,,,,,,,,,,,,,,,,,,,,,,,,,,,,,,,,,,,,,,,,,,https://cdn.shopify.com/s/files/1/1548/8571/products/Macon-2.0-MIPS-Matte-Black-6_1512x_428dc9b9-f049-4c0a-b7ae-d345f7380dcb.png?v=1641628142,6
1523089491,SMITH Scout Jr. MIPS Kids Snow Helmet Matte Cloud Grey 2022,Freeride Boardshop,https://freerideboardshop.com/products/smith-scout-jr-mips-kids-snow-helmet-matte-cloud-grey-2021,ChIJJdbay3piglQRwhtaQXCSO70,smith-scout-jr-mips-kids-snow-helmet-matte-cloud-grey-2021,smith,BF2020,BF20HG20,BOXING2020,cf-size-s,cf-type-mens-snow-helmets,cf-vendor-smith,SMITHHGBOX20,spo-default,32246210199635,E0063729F4853,See in Store,2000,84.00,S,men,S,,,true,1,true,2020-09-29T16:08:08-07:00,4691627376723,2022-03-22T10:24:49-07:00,https://cdn.shopify.com/s/files/1/1548/8571/products/266a70d92b416f4ebcc49c16bbcf0b19.png?v=1601420891,1,140.00,true,,,,,,,,,,,,,,,,,,,,,,,,,,,,,,,,,,,,,,,,,,,,,,,,,,,,,,,,,,,,,https://cdn.shopify.com/s/files/1/1548/8571/products/266a70d92b416f4ebcc49c16bbcf0b19.png?v=1601420891,1,,,,,,,Size,S,,,,1,0,"<p>Bombshell durability. Check. MIPS ® multi-directional impact protection. Check. The Smith Scout Jr. ski and snowboard helmet blends everyday hardshell durability with the latest impact absorbing tech so young skiers and riders can focus on progression in the park or anywhere on the hill. Because no two kids are the same, the fit adapts to different head shapes. Pull the ear pads come spring or add a beanie on the coldest storm days. No matter the weather, eight fixed vents keep the air flowing for fog-free goggles and climate-controlled comfort. Certified for snow and bike wear, the Scout Jr. is the only helmet a kid needs.</p>
<p>Product Details</p>
<ul>
<li>Advanced ABS construction for increased impact protection and all-around durability</li>
<li>MIPS ® Brain Protection System reduces rotational forces caused by angled impacts to the head</li>
<li>Certification: ASTM F 2040 CE EN 1077:2007 CLASS B, CPSC, CE EN1078</li>
<li>Dual-certification all-season use</li>
<li>Designed for ultimate integration with Smith goggles for maximum comfort and venting</li>
<li>AirEvacâ„¢ ventilation system integrates with Smith goggles for fog-free lenses</li>
<li>Self-adjusting lifestyle fit system flexes to match your head shape for maximum comfort</li>
<li>Removable bombshell ear pads for form-fitting comfort and audio-compatible</li>
<li>Eight fixed vents for consistent airflow</li>
<li>Removable goggle strap lock for streamlined shell when goggles are worn under helmet</li>
<li>Weight (Size YM, MIPS ®): 18 oz / 500 g</li>
<li>LIFETIME WARRANTY</li>
</ul>",2020-09-29T23:08:08.000Z,mens snow helmets,2021-10-16T09:56:21.000Z,2022-03-22T17:24:49.000Z,men,14000,8400,Casual,true,40,true,,,spo-disabled,w22,WSHARDGOODS40,,,,,,,,,,,,,,,,,,,,,,,,,,,,,,,,,,,,,,,,,,,,,,,,,,,,,,,,,,,,,,,,,,,,,,,,,,,,,,,,,,,,,,,,,,,,,,,,,,,,,,,,,,,,,,,,,,,,,,,,,,,,,,,,,,,,,,,,,,,,,,,,,,,,,,,,,,,,,,,,,,,,,,,,,,,,,,,,,,,,,,,,,,,,,,,,,,,,,,,,,,,,,
1760591955,RDS Peacemaker Cargo Shorts Black Camo,Freeride Boardshop,https://freerideboardshop.com/products/rds-peacemaker-cargo-shorts-black-camo,ChIJJdbay3piglQRwhtaQXCSO70,rds-peacemaker-cargo-shorts-black-camo,rds,cf-size-30,cf-size-32,cf-size-34,cf-size-36,cf-size-38,cf-type-mens-walkshorts,cf-vendor-rds,MSUMMERSALE20,32405364047955,RD9644-30-BCAM,See in Store,1000,52.50,30,men,30,,,true,1,false,2021-02-15T17:21:50-08:00,4395512135763,2022-03-11T18:35:55-08:00,,,75.00,true,31473699946579,RD9644-32-BCAM,See in Store,1000,52.50,32,men,32,,,true,2,false,2020-01-31T13:22:41-08:00,4395512135763,2022-01-26T12:38:00-08:00,https://cdn.shopify.com/s/files/1/1548/8571/products/20780a5eed3974173bf9622a4b9fa0c4.jpg?v=1580505765,1,75.00,true,31473700044883,RD9644-34-BCAM,See in Store,1000,52.50,34,men,34,,,true,3,true,2020-01-31T13:22:41-08:00,4395512135763,2021-10-08T18:32:41-07:00,https://cdn.shopify.com/s/files/1/1548/8571/products/20780a5eed3974173bf9622a4b9fa0c4.jpg?v=1580505765,1,75.00,true,31473700012115,RD9644-36-BCAM,See in Store,1000,52.50,36,men,36,,,true,4,false,2020-01-31T13:22:41-08:00,4395512135763,2021-08-18T16:31:53-07:00,https://cdn.shopify.com/s/files/1/1548/8571/products/20780a5eed3974173bf9622a4b9fa0c4.jpg?v=1580505765,1,75.00,true,https://cdn.shopify.com/s/files/1/1548/8571/products/20780a5eed3974173bf9622a4b9fa0c4.jpg?v=1580505765,1,,,,,,,Size,30,32,34,36,1,0,<p>RDS Peacemaker Cargo Shorts Black Camo</p>,2020-01-31T21:22:40.000Z,mens walkshorts,2021-10-08T13:33:17.000Z,2022-03-12T02:40:20.000Z,men,7500,5250,Casual,true,30,true,,,sp21,spo-default,spo-disabled,WELCOME10,,,,,,,,30,,,34,,,,31473699979347,RD9644-38-BCAM,See in Store,,1000,52.50,38,men,38,,,true,5,false,2020-01-31T13:22:41-08:00,4395512135763,2021-08-18T16:31:53-07:00,,75.00,true,,,,,,,,,,,,,,,,,,,,,,,,,,,,,,,,,,,,,,,,,,,,,,,,,,,,,,,,,,,38,,,,https://cdn.shopify.com/s/files/1/1548/8571/products/20780a5eed3974173bf9622a4b9fa0c4.jpg?v=1580505765,1,,,32,,,,,,,,,,,,,,,,,,,,,,,,,,,,,,,,,,,,,,,,,,,,,,,,,,,,,,,,,,,,,,,,,,,,,,,,,,,,,,,,,,,,,,,,,,,,,,,,,,,,,,,
271810643,"VOLCOM Bolinas Stoneys 19"" Boardshorts Black",Freeride Boardshop,https://freerideboardshop.com/products/volcom-bolinas-stoneys-19-boardshorts-black,ChIJJdbay3piglQRwhtaQXCSO70,volcom-bolinas-stoneys-19-boardshorts-black,volcom,cf-size-28,cf-size-30,cf-size-32,cf-size-33,cf-size-34,cf-size-36,cf-size-38,cf-size-40,39263782010963,A0822001-28-BLK,See in Store,1000,52.50,28,men,28,,,true,1,false,2021-03-08T17:29:22-08:00,6541507002451,2022-02-07T16:18:05-08:00,,,75.00,true,39263782076499,A0822001-30-BLK,See in Store,1000,52.50,30,men,30,,,true,2,false,2021-03-08T17:29:32-08:00,6541507002451,2021-08-18T16:32:40-07:00,,,75.00,true,39263402229843,A0822001-32-BLK,See in Store,1000,52.50,32,men,32,,,true,3,true,2021-03-08T10:50:51-08:00,6541507002451,2021-10-08T18:32:41-07:00,https://cdn.shopify.com/s/files/1/1548/8571/products/VEBNEiLA.jpg?v=1615237932,1,75.00,true,39263402262611,A0822001-33-BLK,See in Store,1000,52.50,33,men,33,,,true,4,true,2021-03-08T10:50:51-08:00,6541507002451,2022-01-09T19:13:55-08:00,https://cdn.shopify.com/s/files/1/1548/8571/products/VEBNEiLA.jpg?v=1615237932,1,75.00,true,https://cdn.shopify.com/s/files/1/1548/8571/products/VEBNEiLA.jpg?v=1615237932,1,https://cdn.shopify.com/s/files/1/1548/8571/products/7ptEXKmA.jpg?v=1615237942,2,https://cdn.shopify.com/s/files/1/1548/8571/products/y367RQmw.jpg?v=1615238062,3,https://cdn.shopify.com/s/files/1/1548/8571/products/xV84xTug.jpg?v=1615237913,4,Size,28,30,32,33,1,0,"<meta charset=""utf-8""><strong>It's time for some free thinking, free wheelin' with the Bolinas Stoneys surf trunks for men. Channeling retro NorCal vibes into a 19"" medium length stretch boardshort with pop color tie-dye for ayahuasca vibes, these bad boys don't just take a stand in the style stakes, they're crafted with a stretchy lightweight blend featuring eco-friendly hemp so you can take sustainability to the lineup too.</strong><br data-mce-fragment=""1"">
<ul data-mce-fragment=""1"">
<li data-mce-fragment=""1"">Stoneys fit</li>
<li data-mce-fragment=""1"">19"" outseam</li>
<li data-mce-fragment=""1"">4-way stretch</li>
<li data-mce-fragment=""1"">Signature double woven patches</li>
<li data-mce-fragment=""1"">Back patch pocket with flap</li>
<li data-mce-fragment=""1"">Stoney Cinch Fly</li>
<li data-mce-fragment=""1"">Bungee loop in back pocket</li>
</ul>",2021-03-08T18:50:51.000Z,mens boardshorts,2021-10-08T13:33:05.000Z,2022-04-02T19:16:18.000Z,men,7500,5250,Casual,true,30,true,https://cdn.shopify.com/s/files/1/1548/8571/products/3YYIzaUw.jpg?v=1615238138,5,cf-type-mens-boardshorts,cf-vendor-volcom,MSUMMERSALE20,sp21,spo-default,spo-disabled,WELCOME10,,,,,28,,,32,,,,39263402295379,A0822001-34-BLK,See in Store,34,1000,52.50,34,men,34,,,true,5,false,2021-03-08T10:50:51-08:00,6541507002451,2022-01-09T05:29:30-08:00,,75.00,true,39263402328147,A0822001-36-BLK,See in Store,,1000,52.50,36,men,36,,,true,6,false,2021-03-08T10:50:51-08:00,6541507002451,2021-08-18T16:32:40-07:00,,75.00,true,39263402360915,A0822001-38-BLK,See in Store,1000,52.50,38,men,38,,,true,7,false,2021-03-08T10:50:51-08:00,6541507002451,2022-04-02T12:13:01-07:00,,75.00,true,39263402393683,A0822001-40-BLK,See in Store,1000,52.50,40,men,40,,,true,8,false,2021-03-08T10:50:51-08:00,6541507002451,2021-08-18T16:32:40-07:00,,75.00,true,34,36,38,40,https://cdn.shopify.com/s/files/1/1548/8571/products/VEBNEiLA.jpg?v=1615237932,1,https://cdn.shopify.com/s/files/1/1548/8571/products/VEBNEiLA.jpg?v=1615237932,1,30,https://cdn.shopify.com/s/files/1/1548/8571/products/VEBNEiLA.jpg?v=1615237932,1,,,https://cdn.shopify.com/s/files/1/1548/8571/products/VEBNEiLA.jpg?v=1615237932,1,,,,,,,,,,,,,,,,,,,,,,,,,,,,,,,,,,,,,,,,,,,,,,,,,,,,,,,,,,,,,,,,,,,,,,,,,,,,,,,,,,,,,,,,,,,,,,,,https://cdn.shopify.com/s/files/1/1548/8571/products/WVt4NuMA.jpg?v=1615238011,6
-2072641453,"VOLCOM Lido Plus Mod-Tech 20"" Boardshorts Black",Freeride Boardshop,https://freerideboardshop.com/products/volcom-lido-plus-mod-tech-20-boardshorts-black,ChIJJdbay3piglQRwhtaQXCSO70,volcom-lido-plus-mod-tech-20-boardshorts-black,volcom,cf-size-28,cf-size-30,cf-size-32,cf-size-33,cf-size-34,cf-size-36,cf-size-38,cf-type-mens-boardshorts,39333227888723,A0812100-28-BLK,See in Store,1000,56.00,28,men,28,,,true,1,false,2021-04-30T20:20:39-07:00,6560637386835,2021-08-18T16:32:44-07:00,https://cdn.shopify.com/s/files/1/1548/8571/products/hccgb4Wk.jpg?v=1619853772,1,80.00,true,39333227921491,A0812100-30-BLK,See in Store,1000,56.00,30,men,30,,,true,2,false,2021-04-30T20:20:39-07:00,6560637386835,2021-08-18T16:32:44-07:00,https://cdn.shopify.com/s/files/1/1548/8571/products/hccgb4Wk.jpg?v=1619853772,1,80.00,true,39333227954259,A0812100-32-BLK,See in Store,1000,56.00,32,men,32,,,true,3,true,2021-04-30T20:20:39-07:00,6560637386835,2022-02-18T02:24:31-08:00,https://cdn.shopify.com/s/files/1/1548/8571/products/hccgb4Wk.jpg?v=1619853772,1,80.00,true,39333227987027,A0812100-33-BLK,See in Store,1000,56.00,33,men,33,,,true,4,false,2021-04-30T20:20:39-07:00,6560637386835,2021-08-18T16:32:44-07:00,https://cdn.shopify.com/s/files/1/1548/8571/products/hccgb4Wk.jpg?v=1619853772,1,80.00,true,https://cdn.shopify.com/s/files/1/1548/8571/products/hccgb4Wk.jpg?v=1619853772,1,https://cdn.shopify.com/s/files/1/1548/8571/products/55vhcGHN.jpg?v=1619853888,2,,,,,Size,28,30,32,33,1,0,"<meta charset=""utf-8""><strong>Lido Plus Trunk is the best way to get your surf on or whatever ocean activity you may do. Keep comfortable in these high performance boardshorts that are water resistant and come with Volcom's Stone Shield technology -think of them as little pillow like stones wicking water away from your body while reducing friction. The perfect pair shorts for all you adventurers out there who want something stylish yet practical at the same time.</strong><br data-mce-fragment=""1"">
<ul data-mce-fragment=""1"">
<li data-mce-fragment=""1"">Stone Shield with 45% REPREVE Recycled Polyester / 45% Polyester / 10% Elastane 4 - way stretch with DWR</li>
<li data-mce-fragment=""1"">20” outseam 4 - way stretch boardshort</li>
<li data-mce-fragment=""1"">Signature woven labels</li>
<li data-mce-fragment=""1"">Wet zip pocket</li>
<li data-mce-fragment=""1"">Cinch fly technology</li>
</ul>",2021-05-01T03:20:38.000Z,mens boardshorts,2021-10-08T13:33:02.000Z,2022-02-18T10:25:45.000Z,men,8000,5600,Casual,true,30,true,,,cf-vendor-volcom,MSUMMERSALE20,spo-default,spo-disabled,su21,WELCOME10,,,,,,28,,,32,,,,39333228019795,A0812100-34-BLK,See in Store,34,1000,56.00,34,men,34,,,true,5,true,2021-04-30T20:20:39-07:00,6560637386835,2021-12-10T13:31:45-08:00,,80.00,true,39333228052563,A0812100-36-BLK,See in Store,,1000,56.00,36,men,36,,,true,6,false,2021-04-30T20:20:39-07:00,6560637386835,2021-08-18T16:32:44-07:00,,80.00,true,39333228085331,A0812100-38-BLK,See in Store,1000,56.00,38,men,38,,,true,7,false,2021-04-30T20:20:39-07:00,6560637386835,2021-08-18T16:32:44-07:00,,80.00,true,,,,,,,,,,,,,,,,,,,,34,36,38,,https://cdn.shopify.com/s/files/1/1548/8571/products/hccgb4Wk.jpg?v=1619853772,1,https://cdn.shopify.com/s/files/1/1548/8571/products/hccgb4Wk.jpg?v=1619853772,1,30,https://cdn.shopify.com/s/files/1/1548/8571/products/hccgb4Wk.jpg?v=1619853772,1,,,,,,,,,,,,,,,,,,,,,,,,,,,,,,,,,,,,,,,,,,,,,,,,,,,,,,,,,,,,,,,,,,,,,,,,,,,,,,,,,,,,,,,,,,,,,,,,,,,,,
495386707,LAKAI Newport Hi X Sabbath Shoes Black/Gradient Suede,Freeride Boardshop,https://freerideboardshop.com/products/lakai-newport-hi-x-sabbath-shoes-black-gradient-suede,ChIJJdbay3piglQRwhtaQXCSO70,lakai-newport-hi-x-sabbath-shoes-black-gradient-suede,lakai,BF2021,BOXING2020,cf-size-10,cf-size-10-5,cf-size-11,cf-size-12,cf-size-9,cf-type-mens-skate-shoes,32345378947155,MS4200253A03-9,See in Store,2000,81.00,9,men,9,,,true,1,false,2020-12-18T17:14:34-08:00,4724959412307,2021-09-30T13:18:50-07:00,,,135.00,true,32345378979923,MS4200253A03-10,See in Store,2000,81.00,10,men,10,,,true,2,false,2020-12-18T17:14:34-08:00,4724959412307,2021-09-30T13:18:50-07:00,,,135.00,true,32345379012691,MS4200253A03-10.5,See in Store,2000,81.00,10.5,men,10.5,,,true,3,true,2020-12-18T17:14:34-08:00,4724959412307,2021-09-30T13:18:50-07:00,,,135.00,true,32345379045459,MS4200253A03-11,See in Store,2000,81.00,11,men,11,,,true,4,true,2020-12-18T17:14:34-08:00,4724959412307,2021-09-30T13:18:50-07:00,,,135.00,true,https://cdn.shopify.com/s/files/1/1548/8571/products/NEWPORT-HI-SMU_BLACK-GRADIENT-SUEDE_MS4200253A03_BKGDS_01_1200x_455cab25-fe7c-4ce4-8a3c-ffafed07b950.jpg?v=1608347140,1,https://cdn.shopify.com/s/files/1/1548/8571/products/NEWPORT-HI-SMU_BLACK-GRADIENT-SUEDE_MS4200253A03_BKGDS_02_1200x_dd0e59aa-ec50-4e4d-b7d6-a2dc1a70bfa3.jpg?v=1608347129,2,https://cdn.shopify.com/s/files/1/1548/8571/products/NEWPORT-HI-SMU_BLACK-GRADIENT-SUEDE_MS4200253A03_BKGDS_03_1200x_4c0e346a-70b9-4d90-9caa-1443af104f23.jpg?v=1608347081,3,https://cdn.shopify.com/s/files/1/1548/8571/products/NEWPORT-HI-SMU_BLACK-GRADIENT-SUEDE_MS4200253A03_BKGDS_04_1200x_78f703c2-3c07-46dc-bce3-01438c761bcd.jpg?v=1608347147,4,Size,9,10,10.5,11,1,0,"<meta charset=""utf-8""><span data-mce-fragment=""1"">Inspired by the infamous Never Say Die Album. Black suede /canvas with gradient highlights on upper. Album artwork patch on tongue with matching footbed along with printed art on outsole sidewall.</span>",2020-12-19T01:14:34.000Z,mens skate shoes,2020-12-19T01:14:35.000Z,2022-01-04T20:04:03.000Z,men,13500,8100,Casual,true,40,true,https://cdn.shopify.com/s/files/1/1548/8571/products/NEWPORT-HI-SMU_BLACK-GRADIENT-SUEDE_MS4200253A03_BKGDS_05_1200x_15e7ed22-c46a-4d9f-9306-eb9cb415a1ed.jpg?v=1608347117,5,cf-vendor-lakai,h20,MFOOT40,spo-default,spo-disabled,WELCOME10,,,,,,9,,,,,,,32345379078227,MS4200253A03-12,See in Store,12,2000,81.00,12,men,12,,,true,5,false,2020-12-18T17:14:34-08:00,4724959412307,2021-09-30T13:18:50-07:00,,135.00,true,,,,,,,,,,,,,,,,,,,,,,,,,,,,,,,,,,,,,,,,,,,,,,,,,,,,,,,,,,,12,,,,,,,,10,,,,,,,,,,,,,,,,,,,,,,,,,,,,,,,,,,,,,,,,,,,,,,,,,,,,,,,,,,,,,,,,,,,,,,,,,,,,,,,,,,,,,,,,,,,,,,,,,,,,,,,
