#,product_type,product_type(modified),main_category,sub_category,match_80,match_60,label_1st,label_2nd,label_3rd
1,Bikini Bottom,bikini bottom,other_clothing,bikini bottom,bikini bottom,bikini bottom,4,Swimwear,Bikini Bottom
2,Bikini Top,bikini top,other_clothing,bikini top,bikini top,bikini,4,Swimwear,Bikini Top
3,Homeware - Selfcare,homeware selfcare,homeware,selfcare,,,7,,
4,accessories,accessories,accessories,,,,6,,
5,Cover up,cover up,,cover up,cover up,cover up,4,Swimwear,Cover Up
6,One Piece,one piece,,one piece,one piece,one piece,4,Swimwear,One Piece
7,Earrings,earrings,,earrings,earrings,earrings,6,Jewelry,Earrings
8,Accessory,accessory,accessories,,,,6,,
9,unknown,unknown,,,,,0,,
10,Chair,chair,,chair,hair,hair,5,Hair Care,Hair
11,Umbrella,umbrella,,umbrella,umbrella,umbrella,8,Others,Umbrella
12,Unbrella,unbrella,,unbrella,,,0,,
13,Cooler,cooler,,cool,,,0,,
14,Clothing - swim wear,swim wear,other_clothing,swim wear,swimwear,swimwear,4,Swimwear,Swimwear
15,Blanket/Towel,blanket towel,,blanket towel,blanket,blanket,7,Homeware,Blanket
16,Hat,hat,,hat,hat,hat,6,Headwear,Hat
17,One-Pieces,one pieces,,one piece,one piece,one piece,4,Swimwear,One Piece
18,Shoes,shoes,shoes,,,,1,,
19,Unclassified,unclassified,,unclassified,,,0,,
20,Tankini,tankini,other_clothing,tankini,tankini,tankini,4,Swimwear,Tankini
21,Pant,pant,,pant,pant,pant,3,Pants/Trousers,Pant
22,Clothing,,,,,,0,,
23,Bag,bag,,bag,bag,bag,6,Bag,Bag
24,Bath Robe,bath robe,,bath robe,bath robe,bath robe,4,Bath robe,Bath Robe
25,Clothing - tops,tops,tops,,,,2,,
26,Gift Card,gift card,,gift card,,,0,,
27,Accessories - Jewelry,accessories jewelry,accessories,,,,6,,
28,add-on,add on,,add on,,,0,,
29,ring,ring,,ring,ring,ring,6,Jewelry,Ring
30,Dress,dress,,dress,dress,dress,3,Dresses,Dress
31,Intimates,intimates,,intimate,intimate,intimate,2,Lingerie,Intimate
32,perfume,perfume,,perfume,perfume,perfume,5,Perfume,Perfume
33,Homeware - Textiles,homeware textiles,homeware,textile,textile,textile,7,Homeware,Textile
34,Women - Top,top,tops,,,,2,,
35,Shorts,shorts,,short,short,short,3,Short,Short
36,Clothing - dresses - sun dresses,dresses sun,,dress sun,,,0,,
37,Accessories - Bag,accessories bag,accessories,bag,bag,bag,6,Bag,Bag
38,Clothing - dresses,dresses,,dress,dress,dress,3,Dresses,Dress
39,Clothing - coats + jackets,coats jackets,,coat jacket,,,0,,
40,Clothing - jumpsuits,jumpsuits,,jumpsuit,jumpsuit,jumpsuit romper,4,Jumpsuits,Jumpsuit
41,Clothing - bottoms - skirts,bottoms skirts,bottoms,skirt,skirt,skirt,3,Skirts,Skirt
42,Clothing - coats + jackets - short,coats jackets short,,coat jacket short,,,0,,
43,Accessories - Belt,accessories belt,accessories,belt,belt,belt,6,Belt,Belt
44,Clothing - Dress,dress,,dress,dress,dress,3,Dresses,Dress
45,Clothing - bottoms - denim,bottoms denim,bottoms,denim,denim,denim,3,Pants/Trousers,Denim
46,Clothing - tops - casual,tops,tops,,,,2,,
47,Clothing - Bottoms,bottoms,bottoms,,,,3,,
48,Ladies swimwear,swimwear,other_clothing,swimwear,swimwear,swimwear,4,Swimwear,Swimwear
49,Footwear - Flats,footwear flats,shoes,flat,flat,flat,1,,Flat
50,Clothing - swim wear - one piece,swim wear one piece,other_clothing,swim wear one piece,one piece,one piece,4,Swimwear,One Piece
51,Accessories - Jewelry - Earrings,accessories jewelry earrings,accessories,earrings,earrings,earrings,6,Jewelry,Earrings
52,Accessories - Hats,accessories hats,accessories,hat,hat,hat,6,Headwear,Hat
53,shoes,shoes,shoes,,,,1,,
54,Homeware - Home,homeware home,homeware,,,,7,,
55,Sunglasses - Mens Sunglasses - AcetateFrame - Non-Polar,sunglasses acetateframe non polar,,sunglasses acetateframe non polar,sunglasses,,6,Glasses,Sunglasses
56,Footwear - Sandals,footwear sandals,shoes,sandal,sandal,sandal,1,Sandal,Sandal
57,bag,bag,,bag,bag,bag,6,Bag,Bag
58,Clothing - swim wear - top,swim wear top,other_clothing,swim wear top,swimwear,swimwear,4,Swimwear,Swimwear
59,Clothing - swim wear - bottom,swim wear bottom,other_clothing,swim wear bottom,swimwear,swimwear,4,Swimwear,Swimwear
60,swimsuit,swimsuit,,swimsuit,swimsuit,swimsuit,4,Swimwear,Swimsuit
61,Clothing - bottoms - trousers,bottoms trousers,bottoms,trouser,trouser,trouser,3,Pants/Trousers,Trouser
62,Clothing - dresses - formal,dresses,,dress,dress,dress,3,Dresses,Dress
63,Watches - Mens Watches - Metal Bezel - PU Band,watches metal bezel pu band,,watch metal bezel pu band,,,0,,
64,accessories - scarves,accessories scarves,accessories,scarf,scarf,scarf,6,Scarf,Scarf
65,Gear,gear,,gear,gear,gear,8,Others,Gear
66,Clothing - Swim Wear - Tops,swim wear tops,other_clothing,swim wear top,swimwear,swimwear,4,Swimwear,Swimwear
67,Clothing - Swim Wear - Bottoms,swim wear bottoms,other_clothing,swim wear bottom,swimwear,swimwear,4,Swimwear,Swimwear
68,Women - Pants,pants,,pant,pant,pant,3,Pants/Trousers,Pant
69,Clothing - Tops - Formal,tops,tops,,,,2,,
70,sunglasses,sunglasses,,sunglasses,sunglasses,glasses,6,Glasses,Sunglasses
71,Accessories - Masks,accessories masks,accessories,mask,mask,mask,6,Skin Care,Mask
72,Clothing - Intimates,intimates,,intimate,intimate,intimate,2,Lingerie,Intimate
73,Clothing - Tops - Professional,tops professional,tops,professional,,,2,,
74,Home Decor - Candles,home decor candles,homeware,decor candle,,,7,,
75,bath,bath,,bath,,,0,,
76,Accessories - Skincare,accessories skincare,accessories,skincare,skin care,skin care,5,Skin Care,Skin Care
77,Clothing - knitwear,knitwear,,knitwear,knitwear,knitwear,2,Sweaters,Knitwear
78,Clothing - Coats + Jackets - shoulder Season,coats jackets shoulder season,,coat jacket shoulder season,,,0,,
79,Homeware - Perfume,homeware perfume,homeware,perfume,perfume,perfume,5,Perfume,Perfume
80,Footwear - Clogs,footwear clogs,shoes,clog,clog,clog,1,Sandal,Clog
81,coat,coat,,coat,coat,coat,2,Coats/Jackets,Coat
82,Homeware - Candle,homeware candle,homeware,candle,candle,candle,7,Homeware,Candle
83,shoes - Clogs,shoes clogs,shoes,clog,clog,clog,1,Sandal,Clog
84,jewelry,jewelry,accessories,,,,6,,
85,Homeware,homeware,homeware,,,,7,,
86,hat,hat,,hat,hat,hat,6,Headwear,Hat
87,Clothing - Dresses - Professional,dresses professional,,dress professional,,,0,,
88,accessories - socks + tights,accessories socks tights,accessories,sock tight,,,6,,
89,Homeware - Ceramics,homeware ceramics,homeware,ceramic,ceramic,ceramic,7,Homeware,Ceramic
90,hom,hom,,hom,home,home,7,Homeware,Home
91,Homeware - Stationary,homeware stationary,homeware,stationary,,,7,,
92,stationary,stationary,,stationary,,,0,,
93,Accessories - Hair,accessories hair,accessories,hair,hair,hair,5,Hair Care,Hair
94,Footwear,footwear,shoes,,,,1,,
95,pant,pant,,pant,pant,pant,3,Pants/Trousers,Pant
96,Hats,hats,,hat,hat,hat,6,Headwear,Hat
97,Homeware - Soaps,homeware soaps,homeware,soaps,soap,soap,7,Homeware,Soap
98,Homeware - Scents,homeware scents,homeware,scent,,,7,,
99,Clothing - Coats + Jackets - Long Wool,coats jackets long wool,,coat jacket long wool,,,0,,
100,Sunglasses - Womens Sunglasses - Metal Frame,sunglasses metal frame,,sunglasses metal frame,sunglasses,,6,Glasses,Sunglasses
101,hair,hair,,hair,hair,hair,5,Hair Care,Hair
102,Clothing - Knitwear - Wool Sweaters,knitwear wool sweaters,,knitwear wool sweater,,,0,,
103,scents,scents,,scent,,,0,,
104,candle,candle,,candle,candle,candle,7,Homeware,Candle
105,Footwear - Boot,footwear boot,shoes,boot,boot,boot,1,Boot,Boot
106,Footwear - Practical Boot,footwear practical boot,shoes,practical boot,,,1,,
107,Clothing - Coats+Jackets,coats jackets,,coat jacket,,,0,,
108,knitwear,knitwear,,knitwear,knitwear,knitwear,2,Sweaters,Knitwear
109,Sunglasses - Mens Sunglasses - Acetate Frame - Polarized,sunglasses acetate frame polarized,accessories,sunglasses acetate frame,sunglasses,,6,Glasses,Sunglasses
110,Footwear - Fashion Boot,footwear fashion boot,shoes,fashion boot,,,1,,
111,Perfume,perfume,,perfume,perfume,perfume,5,Perfume,Perfume
112,leather good,leather good,,leather good,,,0,,
113,Top,top,tops,,,,2,,
114,Mug,mug,,mug,,,0,,
115,Necklaces,necklaces,,necklace,necklace,necklace,6,Jewelry,Necklace
116,shirt,shirt,,shirt,shirt,t-shirt,2,Shirts,Shirt
117,Accessories - Leather Bags,accessories leather bags,accessories,leather bag,bag,leather,6,Bag,Bag
118,Accessories - Sunglasses,accessories sunglasses,accessories,sunglasses,sunglasses,glasses,6,Glasses,Sunglasses
119,Footwear - Heels - Open,footwear heels open,shoes,heel open,,,1,,
120,footwear,footwear,shoes,,,,1,,
121,dresses,dresses,,dress,dress,dress,3,Dresses,Dress
122,necklace,necklace,,necklace,necklace,necklace,6,Jewelry,Necklace
123,sandal,sandal,,sandal,sandal,sandal,1,Sandal,Sandal
124,top,top,tops,,,,2,,
125,trucker hat,trucker hat,,trucker hat,trucker hat,trucker hat,6,Headwear,Trucker Hat
126,mask,mask,,mask,mask,mask,6,Skin Care,Mask
127,selfcare,selfcare,,selfcare,,,0,,
128,pyrrha,pyrrha,,pyrrha,pyrrha,pyrrha,6,Jewelry,Pyrrha
129,Candle,candle,,candle,candle,candle,7,Homeware,Candle
130,pouch,pouch,,pouch,,,0,,
131,home,home,homeware,,,,7,,
132,soap,soap,,soap,soap,soap,7,Homeware,Soap
133,dress,dress,,dress,dress,dress,3,Dresses,Dress
134,Women - Tunic,tunic,,tunic,tunic,tunic,2,Shirts,Tunic
135,bags,bags,,bag,bag,bag,6,Bag,Bag
136,bottom,bottom,bottoms,,,,3,,
137,jeans,jeans,,jean,jean,jean,3,Pants/Trousers,Jean
138,jacket,jacket,,jacket,jacket,jackets,2,Coats/Jackets,Jacket
139,Denim,denim,,denim,denim,denim,3,Pants/Trousers,Denim
140,S22,s22,,s22,,,0,,
141,ACC,acc,accessories,,,,6,,
142,Jacket,jacket,,jacket,jacket,jackets,2,Coats/Jackets,Jacket
143,Culotte,culotte,,culotte,culotte,culotte jean,3,Pants/Trousers,Culotte
144,Cardigan,cardigan,,cardigan,cardigan,cardigan,2,Sweaters,Cardigan
145,T-Shirt,t shirt,,t shirt,t-shirt,shirt,2,Shirts,T-shirt
146,ONG,ong,,ong,,,0,,
147,DEN,den,,den,,,0,,
148,Duster,duster,,duster,,,0,,
149,Skirt,skirt,,skirt,skirt,skirt,3,Skirts,Skirt
150,Blouse,blouse,,blouse,blouse,blouse,2,Shirts,Blouse
151,Coat,coat,,coat,coat,coat,2,Coats/Jackets,Coat
152,Shoe,shoe,,shoe,,,0,,
153,Blazer,blazer,,blazer,blazer,blazer,2,Blazer/Suit,Blazer
154,Sunglasses - Mens Sunglasses - Acetate Frame,sunglasses acetate frame,,sunglasses acetate frame,sunglasses,,6,Glasses,Sunglasses
155,TOP,top,tops,,,,2,,
156,Sweater,sweater,,sweater,sweater,sweater,2,Sweaters,Sweater
157,Cozy Crewneck,crewneck,,crewneck,,,0,,
158,Kimono,kimono,,kimono,kimono,kimono,2,Shirts,Kimono
159,sweater,sweater,,sweater,sweater,sweater,2,Sweaters,Sweater
160,Jogger,jogger,,jogger,jogger,jogger,3,Pants/Trousers,Jogger
161,Shirts & Tops,shirts tops,tops,shirt,shirt,t-shirt,2,Shirts,Shirt
162,Jumpsuit,jumpsuit,,jumpsuit,jumpsuit,jumpsuit romper,4,Jumpsuits,Jumpsuit
163,Jeans,jeans,,jean,jean,jean,3,Pants/Trousers,Jean
164,Jean,jean,,jean,jean,jean,3,Pants/Trousers,Jean
165,Vest,vest,,vest,vest,vest,2,Sweaters,Vest
166,Scarf,scarf,,scarf,scarf,scarf,6,Scarf,Scarf
167,Tunic,tunic,,tunic,tunic,tunic,2,Shirts,Tunic
168,Capri,capri,,capri,capri,capri,3,Pants/Trousers,Capri
169,Hoodie,hoodie,,hoodie,hoodie,hoodie,2,Sweaters,Hoodie
170,Gift Cards,gift cards,,gift card,,,0,,
171,Sweatshirt,sweatshirt,,sweatshirt,sweatshirt,sweatshirt,2,Sweaters,Sweatshirt
172,Shacket,shacket,,shacket,,,0,,
173,Soap,soap,,soap,soap,soap,7,Homeware,Soap
174,Toque,toque,,toque,toque,toque,6,Headwear,Toque
175,Socks,socks,,sock,sock,sock,6,Sock,Sock
176,Necklace,necklace,,necklace,necklace,necklace,6,Jewelry,Necklace
177,Handbags,handbags,,handbag,bag,,6,Bag,Bag
178,Pullover,pullover,,pullover,pullover hoodie,pullover hoodie,2,Sweaters,Pullover Hoodie
179,Bodysuit,bodysuit,,bodysuit,bodysuit,bodysuit,4,Jumpsuits,Bodysuit
180,Short,short,,short,short,short,3,Short,Short
181,Tank,tank,,tank,tank,tank,2,Tank Tops,Tank
182,Legging,legging,,legge,legge,legge,3,,Legge
183,Camisole,camisole,,camisole,camisole,camis,2,Shirts,Camisole
184,Shirt,shirt,,shirt,shirt,t-shirt,2,Shirts,Shirt
185,Poncho,poncho,,poncho,poncho,poncho,2,Sweaters,Poncho
186,Belt,belt,,belt,belt,belt,6,Belt,Belt
187,hats,hats,,hat,hat,hat,6,Headwear,Hat
188,Collar,collar,,collar,collar,collar,6,Others,Collar
189,Hoodies,hoodies,,hoodie,hoodie,hoodie,2,Sweaters,Hoodie
190,Baby & Toddler,baby toddler,,baby toddler,,,0,,
191,T-Shirts,t shirts,,t shirt,t-shirt,shirt,2,Shirts,T-shirt
192,Long Sleeve,long sleeve,,long sleeve,long sleeve,long sleeve,2,Shirts,Long Sleeve
193,handbag,handbag,,handbag,bag,,6,Bag,Bag
194,Snapback Hat,snapback hat,,snapback hat,snapback hat,snap back,6,Headwear,Snapback Hat
195,Dresses,dresses,,dress,dress,dress,3,Dresses,Dress
196,Sticker,sticker,,sticker,sticker,sticker,6,Sticker,Sticker
197,bottoms,bottoms,bottoms,,,,3,,
198,Sunglasses - Womens Sunglasses - Acetate Frame - Non-Polar,sunglasses acetate frame non polar,,sunglasses acetate frame non polar,sunglasses,,6,Glasses,Sunglasses
199,Jumpsuits & Rompers,jumpsuits rompers,,jumpsuit romper,jumpsuit romper,jumpsuit,4,,Jumpsuit Romper
200,skirt,skirt,,skirt,skirt,skirt,3,Skirts,Skirt
201,kimono,kimono,,kimono,kimono,kimono,2,Shirts,Kimono
202,romper,romper,,romper,romper,romper,4,Jumpsuits,Romper
203,shorts,shorts,,short,short,short,3,Short,Short
204,jumpsuit,jumpsuit,,jumpsuit,jumpsuit,jumpsuit romper,4,Jumpsuits,Jumpsuit
205,Kimonos,kimonos,,kimonos,kimono,kimono,2,Shirts,Kimono
206,Scarves,scarves,,scarf,scarf,scarf,6,Scarf,Scarf
207,Pants,pants,,pant,pant,pant,3,Pants/Trousers,Pant
208,beanie,beanie,,beanie,,,0,,
209,Ladies clothing,,,,,,0,,
210,necklaces,necklaces,,necklace,necklace,necklace,6,Jewelry,Necklace
211,HATS,hats,,hat,hat,hat,6,Headwear,Hat
212,Straw hat,straw hat,,straw hat,straw hat,straw hat,6,Headwear,Straw Hat
213,Mens Blazers,blazers,,blazer,blazer,blazer,2,Blazer/Suit,Blazer
214,Long Sleeve Shirt,long sleeve shirt,,long sleeve shirt,long sleeve,long sleeve,2,Shirts,Long Sleeve
215,Tee Shirt,tee shirt,,tee shirt,tee shirt,tee shirt,2,Shirts,Tee Shirt
216,JOGGERS,joggers,,jogger,jogger,jogger,3,Pants/Trousers,Jogger
217,denim jacket,denim jacket,,denim jacket,denim jackets,denim jackets,2,Coats/Jackets,Denim Jackets
218,flat cap,flat cap,,flat cap,flatcap,flatcap,6,Headwear,Flatcap
219,Candles,candles,,candle,candle,candle,7,Homeware,Candle
220,SHORT SLEEVE SHIRT,short sleeve shirt,,short sleeve shirt,short sleeve,short sleeve,2,Shirts,Short Sleeve
221,flatcaps,flatcaps,,flatcap,flatcap,flatcap,6,Headwear,Flatcap
222,fedora,fedora,,fedora,fedora,fedora,6,Headwear,Fedora
223,Athletic Boxer's,boxer's,,boxer 's,,,0,,
224,BOW TIE,bow tie,,bow tie,,,0,,
225,SWEATER,sweater,,sweater,sweater,sweater,2,Sweaters,Sweater
226,dress shirts,dress shirts,,dress shirt,dress shirt,dress shirt,2,Shirts,Dress Shirt
227,overshirt,overshirt,,overshirt,,,0,,
228,sherpa jacket,sherpa jacket,,sherpa jacket,,,0,,
229,cardigan,cardigan,,cardigan,cardigan,cardigan,2,Sweaters,Cardigan
230,Towels,towels,,towel,towel,towel,7,Homeware,Towel
231,leather jacket,leather jacket,,leather jacket,leather jackets,leather jackets,2,Coats/Jackets,Leather Jackets
232,parka jacket,parka jacket,,parka jacket,parka,parka,2,Coats/Jackets,Parka
233,Toques,toques,,toque,toque,toque,6,Headwear,Toque
234,Overalls,overalls,,overall,overall,overall,4,,Overall
235,Coats & Jackets,coats jackets,,coat jacket,,,0,,
236,WAISTCOAT,waistcoat,,waistcoat,waistcoat,waistcoat,2,Coats/Jackets,Waistcoat
237,JEANS,jeans,,jean,jean,jean,3,Pants/Trousers,Jean
238,Top women,top,tops,,,,2,,
239,denim blazer,denim blazer,,denim blazer,blazer,blazer,2,Blazer/Suit,Blazer
240,Mens Sweaters,sweaters,,sweater,sweater,sweater,2,Sweaters,Sweater
241,JACKET,jacket,,jacket,jacket,jackets,2,Coats/Jackets,Jacket
242,tshirts,tshirts,,tshirt,t-shirt,shirt,2,Shirts,T-shirt
243,T-SHIRT,t shirt,,t shirt,t-shirt,shirt,2,Shirts,T-shirt
244,JACKETS,jackets,,jacket,jacket,jackets,2,Coats/Jackets,Jacket
245,Corduroy blazer,corduroy blazer,,corduroy blazer,,,0,,
246,candles,candles,,candle,candle,candle,7,Homeware,Candle
247,COLOGNE,cologne,,cologne,cologne,cologne,6,Perfume,Cologne
248,poncho,poncho,,poncho,poncho,poncho,2,Sweaters,Poncho
249,wool jacket,wool jacket,,wool jacket,wool jackets,wool jackets,2,Coats/Jackets,Wool Jackets
250,PANTS,pants,,pant,pant,pant,3,Pants/Trousers,Pant
251,tank top,tank top,tops,tank,tank,tank,2,Tank Tops,Tank
252,men shorts,shorts,,short,short,short,3,Short,Short
253,DRESS,dress,,dress,dress,dress,3,Dresses,Dress
254,DENIM SHORTS,denim shorts,,denim short,denim short,denim short,3,Short,Denim Short
255,short sleeve shirts,short sleeve shirts,,short sleeve shirt,short sleeve,short sleeve,2,Shirts,Short Sleeve
256,Booty Short,booty short,,booty short,booty short,booty short,3,Short,Booty Short
257,caps,caps,,cap,cap,cap,6,Headwear,Cap
258,underwear,underwear,,underwear,underwear,underwear,4,Underwear,Underwear
259,swim shorts,swim shorts,other_clothing,swim short,denim short,denim short,3,Short,Denim Short
260,Men Shorts,shorts,,short,short,short,3,Short,Short
261,BOMBER,bomber,,bomber,bomber jackets,bomber jackets,2,Coats/Jackets,Bomber Jackets
262,sweatshirt,sweatshirt,,sweatshirt,sweatshirt,sweatshirt,2,Sweaters,Sweatshirt
263,BAGS,bags,,bag,bag,bag,6,Bag,Bag
264,pants,pants,,pant,pant,pant,3,Pants/Trousers,Pant
265,long sleeve,long sleeve,,long sleeve,long sleeve,long sleeve,2,Shirts,Long Sleeve
266,Shirts,shirts,,shirt,shirt,t-shirt,2,Shirts,Shirt
267,bamboo pants,bamboo pants,,bamboo pant,,,0,,
268,jackets,jackets,,jacket,jacket,jackets,2,Coats/Jackets,Jacket
269,BACKPACK,backpack,,backpack,backpack,backpack,6,Bag,Backpack
270,scarves,scarves,,scarf,scarf,scarf,6,Scarf,Scarf
271,tee shirts,tee shirts,,tee shirt,tee shirt,tee shirt,2,Shirts,Tee Shirt
272,hoodie,hoodie,,hoodie,hoodie,hoodie,2,Sweaters,Hoodie
273,denim shirt,denim shirt,,denim shirt,denim short,denim,3,Short,Denim Short
274,face masks,face masks,,face mask,face mask,face mask,5,Skin Care,Face Mask
275,short sleeve,short sleeve,,short sleeve,short sleeve,sleeve,2,Shirts,Short Sleeve
276,Aftershave,aftershave,,aftershave,,,0,,
277,Long sleeve top,long sleeve top,tops,long sleeve,long sleeve,long sleeve,2,Shirts,Long Sleeve
278,men short sleeve,short sleeve,,short sleeve,short sleeve,sleeve,2,Shirts,Short Sleeve
279,mens short sleeve,short sleeve,,short sleeve,short sleeve,sleeve,2,Shirts,Short Sleeve
280,sweater top,sweater top,tops,sweater,sweater,sweater,2,Sweaters,Sweater
281,MENS SHIRTS,shirts,,shirt,shirt,t-shirt,2,Shirts,Shirt
282,MENS TOPS,tops,tops,,,,2,,
283,Mens shirts,shirts,,shirt,shirt,t-shirt,2,Shirts,Shirt
284,Mens button up,button up,,button up,button-up shirt,button-up shirt,2,Shirts,Button-up Shirt
285,Nutrition,nutrition,,nutrition,nutrition,nutrition,8,Others,Nutrition
286,Bralette,bralette,,bralette,bralette,bralette,2,Lingerie,Bralette
287,grooming,grooming,,groom,,,0,,
288,wool coat,wool coat,,wool coat,,,0,,
289,Tanning Lotions,tanning lotions,,tanning lotion,,,0,,
290,SHAVING SOAP,shaving soap,,shave soap,,,0,,
291,shave brush,shave brush,,shave brush,,,0,,
292,briefcase,briefcase,,briefcase,,,0,,
293,Accessories,accessories,accessories,,,,6,,
294,SKIRT,skirt,,skirt,skirt,skirt,3,Skirts,Skirt
295,bamboo top,bamboo top,tops,bamboo,,,2,,
296,Kimono's,kimono's,,kimono 's,kimono,kimono,2,Shirts,Kimono
297,Brief,brief,,brief,,,0,,
298,Tote Bags,tote bags,,tote bag,bag,tote bag,6,Bag,Bag
299,Thong,thong,,thong,,,0,,
300,Backpack,backpack,,backpack,backpack,backpack,6,Bag,Backpack
301,Womens Maxi Dresses,maxi dresses,,maxi dress,,,0,,
302,Womens Skirts,skirts,,skirt,skirt,skirt,3,Skirts,Skirt
303,Womens Midi Dresses,midi dresses,,midi dress,midi dress,midi dress,3,Dresses,Midi Dress
304,Womens Casual Dresses,dresses,,dress,dress,dress,3,Dresses,Dress
305,Womens Fashion Shorts,fashion shorts,,fashion short,,,0,,
306,Womens Rompers,rompers,,romper,romper,romper,4,Jumpsuits,Romper
307,Womens Boardshorts,boardshorts,,boardshort,board short,board short,3,Short,Board Short
308,Womens Blouse,blouse,,blouse,blouse,blouse,2,Shirts,Blouse
309,Straw,straw,,straw,straw hat,straw hat,6,Headwear,Straw Hat
310,Tumbler,tumbler,,tumbl,,,0,,
311,Canteens,canteens,,canteen,canteen,canteen,7,Homeware,Canteen
312,womens hats,hats,,hat,hat,hat,6,Headwear,Hat
313,Womens Underwire Bikini Tops,underwire bikini tops,other_clothing,underwire bikini top,,,4,,
314,Womens Bralette Bikini Tops,bralette bikini tops,other_clothing,bralette bikini top,bralette,bralette,2,Lingerie,Bralette
315,Womens Mid Bikini Bottoms,mid bikini bottoms,other_clothing,mid bikini bottom,bikini bottom,bikini bottom,4,Swimwear,Bikini Bottom
316,Womens High Bikini Bottoms,high bikini bottoms,other_clothing,high bikini bottom,bikini bottom,bikini bottom,4,Swimwear,Bikini Bottom
317,Womens Fashion One Pieces,fashion one pieces,,fashion one piece,one piece,one piece,4,Swimwear,One Piece
318,Womens Bikini Tops,bikini tops,other_clothing,bikini top,bikini top,bikini,4,Swimwear,Bikini Top
319,Beach Towels,beach towels,,beach towel,,,0,,
320,Womens Slides,slides,,slide,slide,slide,1,Slipper,Slide
321,Purses,purses,,purse,,,0,,
322,Womens Denim Jackets,denim jackets,,denim jacket,denim jackets,denim jackets,2,Coats/Jackets,Denim Jackets
323,Womens Cropped Bikini Tops,cropped bikini tops,other_clothing,crop bikini top,,,4,,
324,Womens Long Sleeve Rashguards,long sleeve rashguards,,long sleeve rashguard,,,0,,
325,Womens High Waisted Bikini Bottoms,high waisted bikini bottoms,other_clothing,high waiste bikini bottom,,,4,,
326,Womens D Cup Bikini Tops,d cup bikini tops,other_clothing,d cup bikini top,,,4,,
327,Womens Tankini Bikini Tops,tankini bikini tops,other_clothing,tankini bikini top,tankini,tankini,4,Swimwear,Tankini
328,Bracelet,bracelet,,bracelet,bracelet,bracelet,6,Jewelry,Bracelet
329,Womens Flip Flops,flip flops,,flip flop,flip flop,flip flop,1,Sandal,Flip Flop
330,Womens Casual Pants,pants,,pant,pant,pant,3,Pants/Trousers,Pant
331,Womens Kimonos,kimonos,,kimonos,kimono,kimono,2,Shirts,Kimono
332,Womens Tank,tank,,tank,tank,tank,2,Tank Tops,Tank
333,Womens Jumpsuits,jumpsuits,,jumpsuit,jumpsuit,jumpsuit romper,4,Jumpsuits,Jumpsuit
334,Mens Tees,tees,,tee,tee,tee,2,Shirts,Tee
335,Mens Hats,hats,,hat,hat,hat,6,Headwear,Hat
336,Fashion Sunglasses,fashion sunglasses,,fashion sunglasses,sunglasses,,6,Glasses,Sunglasses
337,Womens Skirted Bikini Bottoms,skirted bikini bottoms,other_clothing,skirt bikini bottom,bikini bottom,bikini bottom,4,Swimwear,Bikini Bottom
338,Sunscreen,sunscreen,,sunscreen,sunscreen,sunscreen,5,Skin Care,Sunscreen
339,"Mens 20"" Boardshorts","20"" boardshorts",,"20 "" boardshort",,,0,,
340,Womens Padded Bikini Tops,padded bikini tops,other_clothing,pad bikini top,bikini top,bikini top,4,Swimwear,Bikini Top
341,Mens Hybrid Boardshorts,hybrid boardshorts,,hybrid boardshort,,,0,,
342,Womens Overalls,overalls,,overall,overall,overall,4,,Overall
343,Mens Swim Shorts,swim shorts,other_clothing,swim short,denim short,denim short,3,Short,Denim Short
344,Polarized,polarized,accessories,,,,6,,
345,Womens Regular Bikini Bottoms,regular bikini bottoms,other_clothing,regular bikini bottom,,,4,,
346,Womens Tie Bikini Bottoms,tie bikini bottoms,other_clothing,tie bikini bottom,bikini bottom,bikini bottom,4,Swimwear,Bikini Bottom
347,"Mens 19"" Boardshorts","19"" boardshorts",,"19 "" boardshort",,,0,,
348,Womens Triangle Bikini Tops,triangle bikini tops,other_clothing,triangle bikini top,,,4,,
349,Womens Sarongs,sarongs,,sarong,,,0,,
350,Womens Bandeau Bikini Tops,bandeau bikini tops,other_clothing,bandeau bikini top,,,4,,
351,Womens Low Bikini Bottoms,low bikini bottoms,other_clothing,low bikini bottom,bikini bottom,bikini bottom,4,Swimwear,Bikini Bottom
352,Bath Bombs,bath bombs,,bath bomb,bath bomb,bath bomb,7,Homeware,Bath Bomb
353,Sun Hats,sun hats,,sun hat,sun hat,sun hat,6,Headwear,Sun Hat
354,Mens Long Sleeves,long sleeves,,long sleeve,long sleeve,long sleeve,2,Shirts,Long Sleeve
355,Mens Woven Shirts,woven shirts,,woven shirt,,,0,,
356,Mens Walkshorts,walkshorts,,walkshort,,,0,,
357,"Mens 17"" Boardshorts","17"" boardshorts",,"17 "" boardshort",,,0,,
358,"Mens 18"" Boardshorts","18"" boardshorts",,"18 "" boardshort",,,0,,
359,Womens Halter Bikini Tops,halter bikini tops,other_clothing,halter bikini top,,,4,,
360,Cologne,cologne,,cologne,cologne,cologne,6,Perfume,Cologne
361,Unisex Hats,hats,,hat,hat,hat,6,Headwear,Hat
362,Body Lotions,body lotions,,body lotion,body lotion,body lotion,5,Skin Care,Body Lotion
363,Coolers,coolers,,cooler,,,0,,
364,Womens Tees,tees,,tee,tee,tee,2,Shirts,Tee
365,Mens Tanks,tanks,,tank,tank,tank,2,Tank Tops,Tank
366,Mens Flip Flops,flip flops,,flip flop,flip flop,flip flop,1,Sandal,Flip Flop
367,Womens Active Shorts,shorts,,short,short,short,3,Short,Short
368,Womens Sweaters,sweaters,,sweater,sweater,sweater,2,Sweaters,Sweater
369,Lip Balm,lip balm,,lip balm,lip balm,lip balm,6,Cosmetics,Lip Balm
370,Womens Hoodies,hoodies,,hoodie,hoodie,hoodie,2,Sweaters,Hoodie
371,Custom Bundle,custom bundle,,custom bundle,,,0,,
372,Blankets,blankets,,blanket,blanket,blanket,7,Homeware,Blanket
373,Swimwear Cleaners,swimwear cleaners,other_clothing,swimwear cleaner,swimwear cleaner,swimwear cleaner,4,Swimwear,Swimwear Cleaner
374,Headbands,headbands,,headband,headband,headband,6,Headwear,Headband
375,Home Decorations,home decorations,homeware,decoration,home decoration,home decoration,7,Homeware,Home Decoration
376,Succulents,succulents,,succulent,,,0,,
377,Stationery,stationery,,stationery,stationery,stationery,8,Others,Stationery
378,Womens Tanks,tanks,,tank,tank,tank,2,Tank Tops,Tank
379,Arctican,arctican,,arctican,,,0,,
380,Mens Rashguards,rashguards,,rashguard,,,0,,
381,Womens Swim Short Bikini Bottoms,swim short bikini bottoms,other_clothing,swim short bikini bottom,,,4,,
382,Womens Casual Coverups,coverups,,coverup,cover up,cover up,4,Swimwear,Cover Up
383,Headwear - Mens Headwear - Hats - Snap Back,headwear hats snap back,,headwear hat snap back,,,0,,
384,Baseball Hats,baseball hats,,baseball hat,baseball hat,baseball hat,6,Headwear,Baseball Hat
385,Headphones,headphones,,headphone,headphone,headphone,8,Others,Headphone
386,Womens Slip-On Shoes,slip on shoes,shoes,slip on,,,1,,
387,Womens Long Sleeves,long sleeves,,long sleeve,long sleeve,long sleeve,2,Shirts,Long Sleeve
388,Cocktails,cocktails,,cocktail,cocktail dress,cocktail dress,3,Dresses,Cocktail Dress
389,Sale - Women - Jacket,jacket,,jacket,jacket,jackets,2,Coats/Jackets,Jacket
390,Mens Polarized Sunglasses,polarized sunglasses,accessories,sunglasses,sunglasses,glasses,6,Glasses,Sunglasses
391,Sale - Women - Tank,tank,,tank,tank,tank,2,Tank Tops,Tank
392,Womens Fleece,fleece,,fleece,,,0,,
393,Sunglasses,sunglasses,,sunglasses,sunglasses,glasses,6,Glasses,Sunglasses
394,Paddleboard,paddleboard,,paddleboard,,,0,,
395,Stemless,stemless,,stemless,,,0,,
396,Mugs,mugs,,mug,,,0,,
397,Womens Short Sleeve Rashguards,short sleeve rashguards,,short sleeve rashguard,,,0,,
398,Womens Pullover,pullover,,pullover,pullover hoodie,pullover hoodie,2,Sweaters,Pullover Hoodie
399,Pleasure Device,pleasure device,,pleasure device,,,0,,
400,Hair Treatment,hair treatment,,hair treatment,,,0,,
401,Hair Wash,hair wash,,hair wash,,,0,,
402,Air Freshener,air freshener,,air freshener,air freshener,air freshener,7,Homeware,Air Freshener
403,After Sun Care,after sun care,,after sun care,,,0,,
404,Mens Underwear,underwear,,underwear,underwear,underwear,4,Underwear,Underwear
405,Womens Slippers,slippers,,slipper,slipper,slipper,1,Slipper,Slipper
406,Facial Product,facial product,,facial product,,,0,,
407,Clothing - Activewear,activewear,,activewear,activewear,activewear,4,Activewear,Activewear
408,Womens Underwear,underwear,,underwear,underwear,underwear,4,Underwear,Underwear
409,Sunglasses - Mens Sunglasses - Metal Frame - Polarized,sunglasses metal frame polarized,accessories,sunglasses metal frame,sunglasses,,6,Glasses,Sunglasses
410,Womens Sleep Bottoms,sleep bottoms,bottoms,sleep,,,3,,
411,Casual Bags,bags,,bag,bag,bag,6,Bag,Bag
412,Blue Light Glasses,blue light glasses,,blue light glasses,,,0,,
413,Womens Thong Bikini Bottoms,thong bikini bottoms,other_clothing,thong bikini bottom,bikini bottom,bikini bottom,4,Swimwear,Bikini Bottom
414,Unisex - Interest Items - Bottles - Undefined,interest items bottles undefined,,interest item bottle undefined,,,0,,
415,Headwear - Mens Headwear - Hats - Mesh Back,headwear hats mesh back,,headwear hat mesh back,,,0,,
416,Bags - Womens Bags - Purses,bags purses,,bag purse,bag,,6,Bag,Bag
417,GEAR,gear,,gear,gear,gear,8,Others,Gear
418,Scrub,scrub,,scrub,,,0,,
419,Bath Salts,bath salts,,bath salt,,,0,,
420,Tanning Beds,tanning beds,,tanning bed,,,0,,
421,Sheets,sheets,,sheet,,,0,,
422,Bags - Womens Bags - Purses - Hobo,bags purses hobo,,bag purse hobo,bag,,6,Bag,Bag
423,Mens Casual Pants,pants,,pant,pant,pant,3,Pants/Trousers,Pant
424,Womens Scarves,scarves,,scarf,scarf,scarf,6,Scarf,Scarf
425,Hand Creams,hand creams,,hand cream,,,0,,
426,cologne,cologne,,cologne,cologne,cologne,6,Perfume,Cologne
427,Mens Fleece,fleece,,fleece,,,0,,
428,Ring,ring,,ring,ring,ring,6,Jewelry,Ring
429,Pillows,pillows,,pillow,pillow,pillow,7,Homeware,Pillow
430,Car Keychain,car keychain,,car keychain,,,0,,
431,Stickers,stickers,,sticker,sticker,sticker,6,Sticker,Sticker
432,Shipping,shipping,,ship,,,0,,
433,Womens Face Masks,face masks,,face mask,face mask,face mask,5,Skin Care,Face Mask
434,Womens Sandals,sandals,,sandal,sandal,sandal,1,Sandal,Sandal
435,Feminie Care,feminie care,,feminie care,,,0,,
436,Balm,balm,,balm,lip balm,lip balm,6,Cosmetics,Lip Balm
437,Planters,planters,,planter,,,0,,
438,Mens Base Layer,base layer,,base layer,base layer,base layer,4,Activewear,Base Layer
439,Fanny Packs,fanny packs,,fanny pack,,,0,,
440,Hair Ties,hair ties,,hair tie,,,0,,
441,Donation,donation,,donation,,,0,,
442,Tanning Eyewear,tanning eyewear,,tanning eyewear,,,0,,
443,Hand Santizier,hand santizier,,hand santizier,,,0,,
444,Self Tanning Lotions,self tanning lotions,,self tan lotion,,,0,,
445,Mens Shoes,shoes,shoes,,,,1,,
446,Bags - Womens Bags - Purses - Tote,bags purses tote,,bag purse tote,bag,,6,Bag,Bag
447,Deoderant,deoderant,,deoderant,,,0,,
448,Insoles,insoles,,insole,,,0,,
449,Beauty & Wellness - Face,beauty wellness face,beauty,wellness face,,,5,,
450,Bags - Womens Bags - Purses - Bucket,bags purses bucket,,bag purse bucket,bag,,6,Bag,Bag
451,Watches - Womens Watches - Metal Bezel - Metal Band,watches metal bezel band,,watch metal bezel band,,,0,,
452,Watches - Womens Watches - Metal Bezel - Leather Band,watches metal bezel leather band,,watch metal bezel leather band,,,0,,
453,Tights,tights,,tight,tight,tight,6,Tight,Tight
454,Jackets,jackets,,jacket,jacket,jackets,2,Coats/Jackets,Jacket
455,Tanks,tanks,,tank,tank,tank,2,Tank Tops,Tank
456,Sports Bra,sports bra,,sport bra,sport bra,sport bra,2,Lingerie,Sport Bra
457,Staging,staging,,stage,,,0,,
458,Underwear,underwear,,underwear,underwear,underwear,4,Underwear,Underwear
459,Watches - Mens Watches - Metal Bezel,watches metal bezel,,watch metal bezel,,,0,,
460,Paddleboards,paddleboards,,paddleboard,,,0,,
461,Watches - Mens Watches - Metal Bezel - Metal Band,watches metal bezel band,,watch metal bezel band,,,0,,
462,Snowshoes,snowshoes,,snowshoe,snowshoe,snowshoe,1,Boot,Snowshoe
463,Swimwear,swimwear,other_clothing,swimwear,swimwear,swimwear,4,Swimwear,Swimwear
464,shirts,shirts,,shirt,shirt,t-shirt,2,Shirts,Shirt
465,Bags - Mens Bags - Luggage - Non-Carryon,bags luggage non carryon,,bags luggage non carryon,bag,,6,Bag,Bag
466,Fleece,fleece,,fleece,,,0,,
467,Hardgoods,hardgoods,,hardgood,,,0,,
468,Women - Coverups,coverups,,coverup,cover up,cover up,4,Swimwear,Cover Up
469,Men’s clothing,men’s,,man ’s,,,0,,
470,Women - Dress,dress,,dress,dress,dress,3,Dresses,Dress
471,Accessories - Cover - Sarong,accessories cover sarong,accessories,cover sarong,,,6,,
472,Outerwear,outerwear,,outerwear,,,0,,
473,Sun hats,sun hats,,sun hat,sun hat,sun hat,6,Headwear,Sun Hat
474,Women - Blouse,blouse,,blouse,blouse,blouse,2,Shirts,Blouse
475,Women - Skort/Shorts,skort shorts,,skort short,skort short,skort short,3,Skirts,Skort Short
476,Accessories - Home - Carving,accessories home carving,homeware,carve,,,7,,
477,Women - Tank,tank,,tank,tank,tank,2,Tank Tops,Tank
478,Women - Robe,robe,,robe,robe,robe,4,Sleepwear,Robe
479,Accessories - Home - Fans,accessories home fans,homeware,fan,,,7,,
480,Women - Comfort Shorts,shorts,,short,short,short,3,Short,Short
481,Women - Jumpsuit,jumpsuit,,jumpsuit,jumpsuit,jumpsuit romper,4,Jumpsuits,Jumpsuit
482,Accessories - Home - Wood,accessories home wood,homeware,wood,,,7,,
483,Accessories - Cover - Gloves,accessories cover gloves,accessories,cover glove,glove,glove,6,Glove,Glove
484,Accessories - Bags - Adrian Klis,accessories bags adrian klis,accessories,bag adrian klis,bag,,6,Bag,Bag
485,Sale - Women - Blouse,blouse,,blouse,blouse,blouse,2,Shirts,Blouse
486,Men - Tank,tank,,tank,tank,tank,2,Tank Tops,Tank
487,Men - Shirt,shirt,,shirt,shirt,t-shirt,2,Shirts,Shirt
488,Men - Pants,pants,,pant,pant,pant,3,Pants/Trousers,Pant
489,Accessories - Jewelry - Necklace,accessories jewelry necklace,accessories,necklace,necklace,necklace,6,Jewelry,Necklace
490,Accessories - Cover - Hat,accessories cover hat,accessories,cover hat,,,6,,
491,Accessories - Bags - Crochet,accessories bags crochet,accessories,bag crochet,bag,,6,Bag,Bag
492,Accessories - Bags - Rattan,accessories bags rattan,accessories,bag rattan,bag,,6,Bag,Bag
493,Women - Jacket,jacket,,jacket,jacket,jackets,2,Coats/Jackets,Jacket
494,Women - La Gaunche,la gaunche,,la gaunche,,,0,,
495,Accessories - Bags - Artwork,accessories bags artwork,accessories,bag artwork,bag,artwork,6,Bag,Bag
496,Women - The Hipster,the hipster,,the hipster,the hipster,the hipster,3,Lingerie,The Hipster
497,Men - Middle Man,middle,,middle,,,0,,
498,Women - La Thong,la thong,,la thong,,,0,,
499,Men - Jacket,jacket,,jacket,jacket,jackets,2,Coats/Jackets,Jacket
500,Accessories - Bags - Leather,accessories bags leather,accessories,bag leather,bag,leather,6,Bag,Bag
501,Sale - Women - Skirt,skirt,,skirt,skirt,skirt,3,Skirts,Skirt
502,Women - Skirt,skirt,,skirt,skirt,skirt,3,Skirts,Skirt
503,Women - Legging,legging,,legge,legge,legge,3,,Legge
504,Women - Sweater,sweater,,sweater,sweater,sweater,2,Sweaters,Sweater
505,Women - Coat,coat,,coat,coat,coat,2,Coats/Jackets,Coat
506,Men - Sweater,sweater,,sweater,sweater,sweater,2,Sweaters,Sweater
507,Accessories - Cover - Scarf,accessories cover scarf,accessories,cover scarf,,,6,,
508,Sale - Women - La Gaunche,la gaunche,,la gaunche,,,0,,
509,Sale - Women - Dress,dress,,dress,dress,dress,3,Dresses,Dress
510,Accessories - Cover - Shawl,accessories cover shawl,accessories,cover shawl,shawl,shawl,6,Scarf,Shawl
511,Clothing - Shorts,shorts,,short,short,short,3,Short,Short
512,Women - Bra,bra,,bra,bra,bra,2,Lingerie,Bra
513,Sale - Men - Middle Man,middle,,middle,,,0,,
514,Sale - Women - The Hipster,the hipster,,the hipster,the hipster,the hipster,3,Lingerie,The Hipster
515,Sale - Women - Tunic,tunic,,tunic,tunic,tunic,2,Shirts,Tunic
516,Men - Shorts,shorts,,short,short,short,3,Short,Short
517,Sale - Men - Tank,tank,,tank,tank,tank,2,Tank Tops,Tank
518,Men - Hoodie,hoodie,,hoodie,hoodie,hoodie,2,Sweaters,Hoodie
519,Sale - Women - Sweater,sweater,,sweater,sweater,sweater,2,Sweaters,Sweater
520,Sale - Women - Top,top,tops,,,,2,,
521,Unisex - Interest Items,interest items,,interest item,,,0,,
522,Clothing - Tops,tops,tops,,,,2,,
523,Sale - Women - La Thong,la thong,,la thong,,,0,,
524,Sale - Women - Pants,pants,,pant,pant,pant,3,Pants/Trousers,Pant
525,Accessories - Bags - Canvas,accessories bags canvas,accessories,bag canvas,bag,canvas,6,Bag,Bag
526,Men - Socks,socks,,sock,sock,sock,6,Sock,Sock
527,Accessories - Home - Puzzle Box,accessories home puzzle box,homeware,puzzle box,puzzle,puzzle,8,Others,Puzzle
528,Men - Mens Brief,brief,,brief,,,0,,
529,Home Decor,home decor,homeware,decor,,,7,,
530,Women - Socks,socks,,sock,sock,sock,6,Sock,Sock
531,Sale - Men - Boxer 2.0,boxer 2.0,,boxer 2.0,,,0,,
532,Accessories - Belts,accessories belts,accessories,belt,belt,belt,6,Belt,Belt
533,Accessories - Cover - Mask,accessories cover mask,accessories,cover mask,,,6,,
534,Sale - Women - Comfort Shorts,shorts,,short,short,short,3,Short,Short
535,Children - Socks,children socks,,child sock,,,0,,
536,Headwear - Mens Headwear - Hats - Beach,headwear hats beach,,headwear hat beach,,,0,,
537,Unisex - Interest Items - Ramblers - Undefined,interest items ramblers undefined,,interest item rambler undefined,,,0,,
538,Beauty & Wellness - Body,beauty wellness body,beauty,wellness body,,,5,,
539,Accessories - Home - Cement,accessories home cement,homeware,cement,,,7,,
540,Women - Instant Sleeve,instant sleeve,,instant sleeve,,,0,,
541,Wallet - Womens Wallets - Card Cases - Leather,wallet wallets card cases leather,,wallet wallet card case leather,,,0,,
542,Wallet - Mens Wallets - Card Cases - Leather,wallet wallets card cases leather,,wallet wallet card case leather,,,0,,
543,Sale - Women - Legging,legging,,legge,legge,legge,3,,Legge
544,Sale - Women - Coat,coat,,coat,coat,coat,2,Coats/Jackets,Coat
545,Children - Garments,children garments,,child garment,,,0,,
546,Sunglasses - Mens Sunglasses - AcetateFrame - Prizm,sunglasses acetateframe prizm,,sunglasses acetateframe prizm,sunglasses,,6,Glasses,Sunglasses
547,Sale - Men - Boxer,boxer,,boxer,,,0,,
548,Accessories - Jewelry - Bracelet,accessories jewelry bracelet,accessories,bracelet,bracelet,bracelet,6,Jewelry,Bracelet
549,Accessories - Jewelry - Brooches,accessories jewelry brooches,accessories,brooch,brooch,brooch,6,Jewelry,Brooch
550,Men - Boxer 2.0,boxer 2.0,,boxer 2.0,,,0,,
551,Sale - Women - Skort/Shorts,skort shorts,,skort short,skort short,skort short,3,Skirts,Skort Short
552,Bags - Mens Bags - Luggage - Carry On,bags luggage carry on,,bag luggage carry on,bag,,6,Bag,Bag
553,Sale - Men - Shirt,shirt,,shirt,shirt,t-shirt,2,Shirts,Shirt
554,Sale - Women - Instant Sleeve,instant sleeve,,instant sleeve,,,0,,
555,Bags - Mens Bags - Travel Kits,bags travel kits,,bag travel kit,bag,,6,Bag,Bag
556,Clothing - Outerwear,outerwear,,outerwear,,,0,,
557,Clothing - Sweaters,sweaters,,sweater,sweater,sweater,2,Sweaters,Sweater
558,Clothing - Dresses,dresses,,dress,dress,dress,3,Dresses,Dress
559,Shoes - Sandals,shoes sandals,shoes,sandal,sandal,sandal,1,Sandal,Sandal
560,Home Decor - Decor,home decor,homeware,decor,,,7,,
561,Clothing - Jumpsuits & Rompers,jumpsuits rompers,,jumpsuit romper,jumpsuit romper,jumpsuit,4,,Jumpsuit Romper
562,Clothing - Pants & Leggings,pants leggings,,pant legging,legging,legging,3,Leggings,Legging
563,Jewelry - Earrings,jewelry earrings,accessories,earrings,earrings,earrings,6,Jewelry,Earrings
564,Jewelry - Bracelets,jewelry bracelets,accessories,bracelet,bracelet,bracelet,6,Jewelry,Bracelet
565,Jewelry - Necklaces,jewelry necklaces,accessories,necklace,necklace,necklace,6,Jewelry,Necklace
566,Home Decor - Books,home decor books,homeware,decor book,,,7,,
567,Clothing - Kimonos,kimonos,,kimonos,kimono,kimono,2,Shirts,Kimono
568,Home Decor - Gifts,home decor gifts,homeware,decor gift,,,7,,
569,Clothing - Swimwear,swimwear,other_clothing,swimwear,swimwear,swimwear,4,Swimwear,Swimwear
570,Clothing - Skirts,skirts,,skirt,skirt,skirt,3,Skirts,Skirt
571,Beauty & Wellness - Wellness,beauty wellness,beauty,wellness,,,5,,
572,Accessories - Bags & Wallets,accessories bags wallets,accessories,bag wallet,bag,wallet,6,Bag,Bag
573,Watches - Mens Watches - Molded Bezel - PU Band,watches molded bezel pu band,,watch mold bezel pu band,,,0,,
574,Shoes - Flat Shoes,shoes flat,shoes,flat,flat,flat,1,,Flat
575,Watches - Womens Watches - Molded Bezel - PU Band,watches molded bezel pu band,,watch mold bezel pu band,,,0,,
576,Clothing - Jeans,jeans,,jean,jean,jean,3,Pants/Trousers,Jean
577,Home Decor - Dried Flowers,home decor dried flowers,homeware,decor dry flower,,,7,,
578,Jewelry - Rings,jewelry rings,accessories,ring,ring,ring,6,Jewelry,Ring
579,Accessories - Hair Accessories,accessories hair,accessories,hair,hair,hair,5,Hair Care,Hair
580,Accessories - Scarves,accessories scarves,accessories,scarf,scarf,scarf,6,Scarf,Scarf
581,Beauty & Wellness - Hair,beauty wellness hair,beauty,wellness hair,,,5,,
582,Shoes - Heels,shoes heels,shoes,heel,heel,heel,1,Heel/Wedge,Heel
583,Beauty & Wellness,beauty wellness,beauty,wellness,,,5,,
584,Home Decor - Cards & Stationary,home decor cards stationary,homeware,decor card stationary,,,7,,
585,Jewelry,jewelry,accessories,,,,6,,
586,Home Decor - Home,home decor,homeware,decor,,,7,,
587,Headwear - Mens Headwear - Hats,headwear hats,,headwear hat,headwear,headwear,6,Headwear,Headwear
588,Sunglasses - Womens Sunglasses - Acetate Frame - Polarized,sunglasses acetate frame polarized,accessories,sunglasses acetate frame,sunglasses,,6,Glasses,Sunglasses
589,Coverup,coverup,,coverup,cover up,cover up,4,Swimwear,Cover Up
590,Mens accessories,accessories,accessories,,,,6,,
591,Men’s accessories,men’s accessories,accessories,man ’s,,,6,,
592,Mens long sleeve,long sleeve,,long sleeve,long sleeve,long sleeve,2,Shirts,Long Sleeve
593,Mens short,short,,short,short,short,3,Short,Short
594,Mens boardshort,boardshort,,boardshort,board short,board short,3,Short,Board Short
595,Mens short sleeve t shirt,short sleeve t shirt,,short sleeve t shirt,short sleeve,short sleeve,2,Shirts,Short Sleeve
596,Men's swim,swim,other_clothing,swim,swim,swim,4,Swimwear,Swim
597,Men's clothing,,,,,,0,,
598,Ladies Sandals,sandals,,sandal,sandal,sandal,1,Sandal,Sandal
599,Men’s swim,men’s swim,other_clothing,man ’s swim,,,4,,
600,ladies swimwear,swimwear,other_clothing,swimwear,swimwear,swimwear,4,Swimwear,Swimwear
601,Men's C U clothing,c u,,c u,,,0,,
602,men's C U clothing,c u,,c u,,,0,,
603,Jewlery,jewlery,,jewlery,,,0,,
604,Tops,tops,tops,,,,2,,
605,Beauty,beauty,beauty,,,,5,,
606,Skirts,skirts,,skirt,skirt,skirt,3,Skirts,Skirt
607,Apparel,apparel,,apparel,,,0,,
608,Health & Wellness,health wellness,,health wellness,,,0,,
609,Jeans & Casual Pants,jeans pants,,jean pant,,,0,,
610,Dress Shirts,dress shirts,,dress shirt,dress shirt,dress shirt,2,Shirts,Dress Shirt
611,Bags - Womens Bags - Shoulder Bags - Messenger,bags shoulder messenger,,bag shoulder messenger,bag,,6,Bag,Bag
612,Bags - Womens Bags - Packs - AthleticTech,bags packs athletictech,,bag pack athletictech,bag,,6,Bag,Bag
613,T-Shirts & Polos,t shirts polos,,t shirt polo,,,0,,
614,Casual Shirts,shirts,,shirt,shirt,t-shirt,2,Shirts,Shirt
615,Blouses & Tops,blouses tops,tops,blouse,blouse,blouse,2,Shirts,Blouse
616,Designer Jeans,jeans,,jean,jean,jean,3,Pants/Trousers,Jean
617,Sweaters & Knits,sweaters knits,,sweater knit,,,0,,
618,Suits & Sport Jackets,suits sport jackets,,suit sport jacket,,,0,,
619,Dress Pants,dress pants,,dress pant,,,0,,
620,Suits & Sport Coats,suits sport coats,,suit sport coat,,,0,,
621,Jeans & Pants,jeans pants,,jean pant,,,0,,
622,Belts,belts,,belt,belt,belt,6,Belt,Belt
623,Ties & Pocket Squares,ties pocket squares,,tie pocket square,pocket square,pocket square,6,Pocket Square,Pocket Square
624,Ties,ties,,tie,tie,tie,6,Ties,Tie
625,Tie,tie,,tie,tie,tie,6,Ties,Tie
626,5 Panel Hat,5 panel hat,,5 panel hat,,,0,,
627,Collaborations,collaborations,,collaboration,,,0,,
628,Socks - Womens Socks - Casual - Invisible,socks invisible,,sock invisible,,,0,,
629,Unisex,,,,,,0,,
630,Precurve Trucker,precurve trucker,,precurve trucker,,,0,,
631,Mens shirt,shirt,,shirt,shirt,t-shirt,2,Shirts,Shirt
632,Ladies shirt,shirt,,shirt,shirt,t-shirt,2,Shirts,Shirt
633,Recover Shirts,recover shirts,,recover shirt,,,0,,
634,Super Slouch,super slouch,,super slouch,,,0,,
635,Unisex - Interest Items - Cooler Bag,interest items cooler bag,,interest item cool bag,bag,,6,Bag,Bag
636,Ladies Scrunch,scrunch,,scrunch,scrunchie,scrunchie,6,Scrunchie,Scrunchie
637,Sunglasses - Mens Sunglasses - Metal Frame - Non-Polar,sunglasses metal frame non polar,,sunglasses metal frame non polar,sunglasses,,6,Glasses,Sunglasses
638,Undefined,undefined,,undefined,,,0,,
639,Wallet - Womens Wallets,wallet wallets,,wallet wallet,wallet,wallet,6,Wallet,Wallet
640,Bags - Womens Bags - Packs - Textile,bags packs textile,,bag pack textile,bag,,6,Bag,Bag
641,Bags - Womens Bags - Shoulder Bags - Textile,bags shoulder textile,,bag shoulder textile,bag,,6,Bag,Bag
642,Bags - Womens Bags - Shoulder Bags,bags shoulder,,bag shoulder,bag,shoulder bag,6,Bag,Bag
643,Wallet - Womens Wallets - Bi-Folds - Textile,wallet wallets bi folds textile,,wallet wallet bi fold textile,,,0,,
644,Wallet - Womens Wallets - Card Cases - Textile,wallet wallets card cases textile,,wallet wallet card case textile,,,0,,
645,Sunglasses - Womens Sunglasses - Wire Frame - Polarized,sunglasses wire frame polarized,accessories,sunglasses wire frame,sunglasses,,6,Glasses,Sunglasses
646,Wallet - Mens Wallets - Card Cases,wallet wallets card cases,,wallet wallet card case,wallet,wallet,6,Wallet,Wallet
647,Bags - Mens Bags - Duffles - Textile,bags duffles textile,,bag duffle textile,bag,,6,Bag,Bag
648,Bags - Mens Bags - Travel Kits - Poly,bags travel kits poly,,bag travel kit poly,bag,,6,Bag,Bag
649,Bags - Mens Bags - Packs - AthleticTech,bags packs athletictech,,bag pack athletictech,bag,,6,Bag,Bag
650,Bags - Womens Bags - Purses - Clutch,bags purses clutch,,bag purse clutch,bag,,6,Bag,Bag
651,Underwear - Mens Underwear - Boxer Briefs - Tech,underwear boxer briefs tech,,underwear boxer brief tech,,,0,,
652,Snap Back,snap back,,snap back,snap back,snapback hat,6,Headwear,Snap Back
653,Headwear - Mens Headwear - Hats - Five Panel,headwear hats five panel,,headwear hat five panel,,,0,,
654,Wallet - Womens Wallets - Bi-Folds - Leather,wallet wallets bi folds leather,,wallet wallet bi fold leather,,,0,,
655,Headwear - Womens Headwear - Hats,headwear hats,,headwear hat,headwear,headwear,6,Headwear,Headwear
656,Wallet,wallet,,wallet,wallet,wallet,6,Wallet,Wallet
657,Bags - Mens Bags - Shoulder Bags,bags shoulder,,bag shoulder,bag,shoulder bag,6,Bag,Bag
658,Bags - Mens Bags - Packs,bags packs,,bag pack,bag,,6,Bag,Bag
659,Wallet - Mens Wallets,wallet wallets,,wallet wallet,wallet,wallet,6,Wallet,Wallet
660,Bags - Mens Bags,bags,,bag,bag,bag,6,Bag,Bag
661,Socks - Womens Socks - Casual - Ankle,socks ankle,,sock ankle,,,0,,
662,Socks - Mens Socks - Casual - Ankle,socks ankle,,sock ankle,,,0,,
663,Socks - Womens Socks - Casual - High,socks high,,sock high,,,0,,
664,Socks - Mens Socks - Casual - High,socks high,,sock high,,,0,,
665,Socks - Mens Socks,socks,,sock,sock,sock,6,Sock,Sock
666,Bags - Womens Bags,bags,,bag,bag,bag,6,Bag,Bag
667,Bags,bags,,bag,bag,bag,6,Bag,Bag
668,Bags - Mens Bags - Messenger - Leather,bags messenger leather,,bag messenger leather,bag,,6,Bag,Bag
669,Leather,leather,,leather,leather,leather,6,,Leather
670,Textile,textile,,textile,textile,textile,7,Homeware,Textile
671,Watches - Mens Watches,watches,,watch,watch,watch,6,Watch,Watch
672,PU Band,pu band,,pu band,,,0,,
673,Leather Band,leather band,,leather band,leather band watch,leather band watch,6,Watch,Leather Band Watch
674,Unisex - Interest Items - Bottles,interest items bottles,,interest item bottle,,,0,,
675,Fitted,fitted,,fit,,,0,,
676,Metal Band,metal band,,metal band,,,0,,
677,Cotton,cotton,,cotton,,,0,,
678,Invisible,invisible,,invisible,,,0,,
679,High,high,,high,,,0,,
680,Bags - Mens Bags - Luggage,bags luggage,,bag luggage,bag,,6,Bag,Bag
681,Sunglasses - Womens Sunglasses - Wire Frame,sunglasses wire frame,,sunglasses wire frame,sunglasses,,6,Glasses,Sunglasses
682,Watches - Mens Watches - Metal Bezel - Leather Band,watches metal bezel leather band,,watch metal bezel leather band,,,0,,
683,Underwear - Mens Underwear - Boxer Briefs - Cotton,underwear boxer briefs cotton,,underwear boxer brief cotton,,,0,,
684,Sunglasses - Mens Sunglasses - Metal Frame,sunglasses metal frame,,sunglasses metal frame,sunglasses,,6,Glasses,Sunglasses
685,Headwear - Mens Headwear - Beanies,headwear beanies,,headwear beanie,headwear,headwear,6,Headwear,Headwear
686,Unisex - Interest Items - Ramblers,interest items ramblers,,interest item rambler,,,0,,
687,Socks - Mens Socks - Casual,socks,,sock,sock,sock,6,Sock,Sock
688,Socks - Womens Socks - Casual,socks,,sock,sock,sock,6,Sock,Sock
689,Headwear - Womens Headwear - Beanies,headwear beanies,,headwear beanie,headwear,headwear,6,Headwear,Headwear
690,Sunglasses - Mens Sunglasses - AcetateFrame,sunglasses acetateframe,,sunglasses acetateframe,sunglasses,,6,Glasses,Sunglasses
691,Tote,tote,,tote,tote bag,tote bag,6,Bag,Tote Bag
692,Hobo,hobo,,hobo,,,0,,
693,Underwear - Mens Underwear - Boxer Briefs,underwear boxer briefs,,underwear boxer brief,,,0,,
694,Sunglasses - Mens Sunglasses - Metal Frame - Prizm,sunglasses metal frame prizm,,sunglasses metal frame prizm,sunglasses,,6,Glasses,Sunglasses
695,Wallet - Mens Wallets - Bi-Folds - Leather,wallet wallets bi folds leather,,wallet wallet bi fold leather,,,0,,
696,Wallet - Mens Wallets - Tri-Folds - Leather,wallet wallets tri folds leather,,wallet wallet tri fold leather,,,0,,
697,Socks - Mens Socks - Casual - Invisible,socks invisible,,sock invisible,,,0,,
698,Clutch,clutch,,clutch,,,0,,
699,Bags - Mens Bags - Duffles,bags duffles,,bag duffle,bag,,6,Bag,Bag
700,Unisex - Interest Items - Cups,interest items cups,,interest item cup,,,0,,
701,Non-Polar,non polar,,non polar,sunglasses,,6,Glasses,Sunglasses
702,Sunglasses - Womens Sunglasses - Acetate Frame,sunglasses acetate frame,,sunglasses acetate frame,sunglasses,,6,Glasses,Sunglasses
703,Underwear - Mens Underwear,underwear,,underwear,underwear,underwear,4,Underwear,Underwear
704,Unisex - Interest Items - Cooler Box,interest items cooler box,,interest item cool box,,,0,,
705,Headwear - Womens Headwear - Hats - Beach,headwear hats beach,,headwear hat beach,,,0,,
706,Ankle,ankle,,ankle,anklet,ankle boot,6,Jewelry,Anklet
707,Satchel,satchel,,satchel,,,0,,
708,Sunglasses - Mens Sunglasses,sunglasses,,sunglasses,sunglasses,glasses,6,Glasses,Sunglasses
709,Unisex - Interest Items - Flasks,interest items flasks,,interest item flask,,,0,,
710,Sunglasses - Womens Sunglasses - Wire Frame - Non-Polar,sunglasses wire frame non polar,,sunglasses wire frame non polar,sunglasses,,6,Glasses,Sunglasses
711,Sunglasses - Womens Sunglasses - Metal Frame - Prizm,sunglasses metal frame prizm,,sunglasses metal frame prizm,sunglasses,,6,Glasses,Sunglasses
712,Bags - Womens Bags - Packs - Leather,bags packs leather,,bag pack leather,bag,,6,Bag,Bag
713,Bags - Mens Bags - Packs - Athletic& - Tech,bags packs tech,,bag pack tech,bag,,6,Bag,Bag
714,Acetate Frame,acetate frame,,acetate frame,,,0,,
715,Metal Frame,metal frame,,metal frame,,,0,,
716,Prizm,prizm,,prizm,,,0,,
717,Semi Rimless Frame,semi rimless frame,,semi rimless frame,,,0,,
718,Interest Items,interest items,,interest item,,,0,,
719,Carry On,carry on,,carry on,,,0,,
720,Athletic/Tech,tech,,tech,,,0,,
721,Poly,poly,,poly,,,0,,
722,Tech,tech,,tech,,,0,,
723,Mens Bags,bags,,bag,bag,bag,6,Bag,Bag
724,Non-Carryon,non carryon,,non carryon,,,0,,
725,Hip Packs,hip packs,,hip pack,,,0,,
726,Men's Socks,socks,,sock,sock,sock,6,Sock,Sock
727,Canvas,canvas,,canvas,canvas,canvas,8,Others,Canvas
728,Mesh Back,mesh back,,mesh back,,,0,,
729,Packs,packs,,pack,backpack,backpack,6,Bag,Backpack
730,POS Only,pos only,,pos only,,,0,,
731,Key Chains,key chains,,key chain,,,0,,
732,Five Panel,five panel,,five panel,,,0,,
733,Leather band,leather band,,leather band,leather band watch,leather band watch,6,Watch,Leather Band Watch
734,Wooden band,wooden band,,wooden band,,,0,,
735,Mesh band,mesh band,,mesh band,,,0,,
736,Flexfit,flexfit,,flexfit,,,0,,
737,Metal,metal,,metal,,,0,,
738,Tracker,tracker,,tracker,,,0,,
739,Multi-Strand,multi strand,,multi strand,,,0,,
740,Beaded,beaded,,bead,,,0,,
741,Skateboard Decks,skateboard decks,,skateboard deck,skateboard deck,skateboard deck,8,Skateboard,Skateboard Deck
742,Paperboy,paperboy,,paperboy,,,0,,
743,Paris,paris,,paris,,,0,,
744,Bottoms,bottoms,bottoms,,,,3,,
745,Griptape,griptape,,griptape,,,0,,
746,Plenty,plenty,,plenty,,,0,,
747,Fashion,fashion,,fashion,,,0,,
748,AcetateFrame,acetateframe,,acetateframe,,,0,,
749,Strap,strap,,strap,,,0,,
750,Skateboard Rails,skateboard rails,,skateboard rail,,,0,,
751,Men's Snow Mitts,mitts,,mitt,mitt,mitt,6,Glove,Mitt
752,Men's Snowboards,snowboards,,snowboard,snowboard,snowboard,8,Skateboard,Snowboard
753,Ekumenik,ekumenik,,ekumenik,,,0,,
754,Shoulder Bags,shoulder bags,,shoulder bag,bag,shoulder bag,6,Bag,Bag
755,Womens Wallets,wallets,,wallet,wallet,wallet,6,Wallet,Wallet
756,Billabong,billabong,,billabong,,,0,,
757,Gift,gift,,gift,,,0,,
758,Romper,romper,,romper,romper,romper,4,Jumpsuits,Romper
759,Bottom,bottom,bottoms,,,,3,,
760,Men's Short Sleeve T-Shirts,short sleeve t shirts,,short sleeve t shirt,short sleeve,short sleeve,2,Shirts,Short Sleeve
761,Men's Hats,hats,,hat,hat,hat,6,Headwear,Hat
762,Men's Wake Vests,wake vests,,wake vest,,,0,,
763,Bearings,bearings,,bearing,,,0,,
764,Men's Pullover Hoodies,pullover hoodies,,pullover hoodie,pullover hoodie,pullover hoodie,2,Sweaters,Pullover Hoodie
765,Men's Crewnecks,crewnecks,,crewneck,,,0,,
766,Women's Dresses,dresses,,dress,dress,dress,3,Dresses,Dress
767,Women's Flannels and Button Ups,flannels and button ups,,flannel button up,,,0,,
768,Women's Shorts,shorts,,short,short,short,3,Short,Short
769,Women's Tank Tops and Halter Tops,tank tops and halter,tops,tank halter,,,2,,
770,Women's Rompers & Jumpsuits,rompers jumpsuits,,romper jumpsuit,jumpsuit,jumpsuit,4,Jumpsuits,Jumpsuit
771,Women's T-Shirts,t shirts,,t shirt,t-shirt,shirt,2,Shirts,T-shirt
772,Men's Boardshorts,boardshorts,,boardshort,board short,board short,3,Short,Board Short
773,Men's Short Sleeve Button Up Shirts,short sleeve button up shirts,,short sleeve button up shirt,button-up shirt,button-up shirt,2,Shirts,Button-up Shirt
774,Men's Tank Tops,tank tops,tops,tank,tank,tank,2,Tank Tops,Tank
775,Boy's Hats,hats,,hat,hat,hat,6,Headwear,Hat
776,Men's Skate Shoes,skate shoes,shoes,skate,,,1,,
777,Women's Pullover Hoodies,pullover hoodies,,pullover hoodie,pullover hoodie,pullover hoodie,2,Sweaters,Pullover Hoodie
778,Women's Long Sleeve T-Shirts,long sleeve t shirts,,long sleeve t shirt,long sleeve,long sleeve,2,Shirts,Long Sleeve
779,Men's Sandals,sandals,,sandal,sandal,sandal,1,Sandal,Sandal
780,Women's Crewnecks,crewnecks,,crewneck,,,0,,
781,Youth Sandals,sandals,,sandal,sandal,sandal,1,Sandal,Sandal
782,Boy's T-Shirts,t shirts,,t shirt,t-shirt,shirt,2,Shirts,T-shirt
783,Girl's Hoodies,hoodies,,hoodie,hoodie,hoodie,2,Sweaters,Hoodie
784,Luggage,luggage,,luggage,,,0,,
785,Backpacks,backpacks,,backpack,backpack,backpack,6,Bag,Backpack
786,Women's Sandals,sandals,,sandal,sandal,sandal,1,Sandal,Sandal
787,Youth and Toddler Skate Shoes,and toddler skate shoes,shoes,toddler skate,,,1,,
788,Women's One Pieces,one pieces,,one piece,one piece,one piece,4,Swimwear,One Piece
789,Women's Bikini Tops,bikini tops,other_clothing,bikini top,bikini top,bikini,4,Swimwear,Bikini Top
790,Women's Bikini Bottoms,bikini bottoms,other_clothing,bikini bottom,bikini bottom,bikini bottom,4,Swimwear,Bikini Bottom
791,Women's Rashguards,rashguards,,rashguard,,,0,,
792,Women's Pants,pants,,pant,pant,pant,3,Pants/Trousers,Pant
793,Youth Socks,socks,,sock,sock,sock,6,Sock,Sock
794,Wakesurfs,wakesurfs,,wakesurfs,wakesurfs,wakesurfs,8,Skateboard,Wakesurfs
795,Skateboard Tools,skateboard tools,,skateboard tool,skateboard tool,skateboard tool,8,Others,Skateboard Tool
796,Skateboard Trucks,skateboard trucks,,skateboard truck,skateboard truck,skateboard truck,8,Others,Skateboard Truck
797,Snowboard Riglet Reel,snowboard riglet reel,,snowboard riglet reel,,,0,,
798,Men's Wallets,wallets,,wallet,wallet,wallet,6,Wallet,Wallet
799,Men's Pants,pants,,pant,pant,pant,3,Pants/Trousers,Pant
800,Skateboard Wheels,skateboard wheels,,skateboard wheel,skateboard wheel,skateboard wheel,8,Others,Skateboard Wheel
801,Lifestyle,lifestyle,,lifestyle,,,0,,
802,Men's Hybrid Shorts,hybrid shorts,,hybrid short,,,0,,
803,Women's Hats,hats,,hat,hat,hat,6,Headwear,Hat
804,Skateboard Hardware,skateboard hardware,,skateboard hardware,,,0,,
805,Youth Native Shoes,native shoes,shoes,native,,,1,,
806,Boy's Boardshorts,boardshorts,,boardshort,board short,board short,3,Short,Board Short
807,Men's Street Jackets,street jackets,,street jacket,,,0,,
808,Men's Rashguards,rashguards,,rashguard,,,0,,
809,Youth Rashguards,rashguards,,rashguard,,,0,,
810,Men's Walkshorts,walkshorts,,walkshort,,,0,,
811,Women's Skate Shoes,skate shoes,shoes,skate,,,1,,
812,Women's Blouses,blouses,,blouse,blouse,blouse,2,Shirts,Blouse
813,Skateboard Completes,skateboard completes,,skateboard complete,,,0,,
814,Women's Boardshorts,boardshorts,,boardshort,board short,board short,3,Short,Board Short
815,Girl's Dresses and Skirts,dresses and skirts,,dress skirt,,,0,,
816,Girl's T-Shirts,t shirts,,t shirt,t-shirt,shirt,2,Shirts,T-shirt
817,Girl's Tank Tops,tank tops,tops,tank,tank,tank,2,Tank Tops,Tank
818,Duffle Bags,duffle bags,,duffle bag,bag,,6,Bag,Bag
819,Women's Native Shoes,native shoes,shoes,native,,,1,,
820,Longboard Completes,longboard completes,,longboard complete,,,0,,
821,Men's Bucket Hats,bucket hats,,bucket hat,,,0,,
822,Shoe Laces,shoe laces,,shoe lace,shoe lace,shoe lace,6,Shoe Lace,Shoe Lace
823,Women's Socks,socks,,sock,sock,sock,6,Sock,Sock
824,Women's Sweaters,sweaters,,sweater,sweater,sweater,2,Sweaters,Sweater
825,Longboard Wheels,longboard wheels,,longboard wheel,skateboard wheel,skateboard wheel,8,Others,Skateboard Wheel
826,Skateboard Wax,skateboard wax,,skateboard wax,skateboard wax,skateboard wax,8,Others,Skateboard Wax
827,Women's Skirts,skirts,,skirt,skirt,skirt,3,Skirts,Skirt
828,Men's Beanies,beanies,,beanie,,,0,,
829,Men's 3/4 Sleeve T-Shirts,3 4 sleeve t shirts,,3 4 sleeve t shirt,,,0,,
830,Boy's Pullover Hoodies,pullover hoodies,,pullover hoodie,pullover hoodie,pullover hoodie,2,Sweaters,Pullover Hoodie
831,Women's Street Jackets,street jackets,,street jacket,,,0,,
832,Men's Long Sleeve T-Shirts,long sleeve t shirts,,long sleeve t shirt,long sleeve,long sleeve,2,Shirts,Long Sleeve
833,Men's Zip Hoodies,zip hoodies,,zip hoodie,zip hoodie,zip hoodie,2,,Zip Hoodie
834,Men's Denim,denim,,denim,denim,denim,3,Pants/Trousers,Denim
835,Backcountry Beacons,backcountry beacons,,backcountry beacon,,,0,,
836,Air Fresheners,air fresheners,,air freshener,air freshener,air freshener,7,Homeware,Air Freshener
837,Toddler Bottoms,toddler bottoms,bottoms,toddler,,,3,,
838,Men's Polos,polos,,polos,polo,polo,2,Shirts,Polo
839,Women's Vests,vests,,vest,vest,vest,2,Sweaters,Vest
840,Women's Wake Vests,wake vests,,wake vest,,,0,,
841,Snowboard Binding Parts,snowboard binding parts,,snowboard bind part,,,0,,
842,Girl's Walkshorts,walkshorts,,walkshort,,,0,,
843,Infant Onesies,infant onesies,,infant onesie,,,0,,
844,Boy's Hybrid Shorts,hybrid shorts,,hybrid short,,,0,,
845,Men's Joggers,joggers,,jogger,jogger,jogger,3,Pants/Trousers,Jogger
846,Snowboard Tuning,snowboard tuning,,snowboard tune,snowboard,snowboard,8,Skateboard,Snowboard
847,Women's Purses,purses,,purse,,,0,,
848,Retro Skateboard Decks,retro skateboard decks,,retro skateboard deck,,,0,,
849,Skateboard Helmets,skateboard helmets,,skateboard helmet,skateboard helmet,skateboard helmet,6,Headwear,Skateboard Helmet
850,Men's Straw Hats,straw hats,,straw hat,straw hat,straw hat,6,Headwear,Straw Hat
851,Default,default,,default,,,0,,
852,Boy's Long Sleeve T-Shirts,long sleeve t shirts,,long sleeve t shirt,long sleeve,long sleeve,2,Shirts,Long Sleeve
853,Cruiser Completes,cruiser completes,,cruiser complete,,,0,,
854,Bushings,bushings,,bushing,,,0,,
855,Men's Sweaters,sweaters,,sweater,sweater,sweater,2,Sweaters,Sweater
856,Men's Belts,belts,,belt,belt,belt,6,Belt,Belt
857,Wakeskates,wakeskates,,wakeskate,,,0,,
858,Men's Native Shoes,native shoes,shoes,native,,,1,,
859,Women's Cover Ups and Kimonos,cover ups and kimonos,,cover up kimono,,,0,,
860,Pads & Wrist Guards,pads wrist guards,,pad wrist guard,,,0,,
861,Men's Sweatpants,sweatpants,,sweatpant,sweatpant,sweatpant,3,Pants/Trousers,Sweatpant
862,Youth Wake Vests,wake vests,,wake vest,,,0,,
863,Wakeboard Boots,wakeboard boots,,wakeboard boot,,,0,,
864,Men's Snow Helmets,helmets,,helmet,skateboard helmet,skateboard helmet,6,Headwear,Skateboard Helmet
865,Snow Goggles,goggles,,goggle,,,0,,
866,Longboard Trucks,longboard trucks,,longboard truck,skateboard truck,skateboard truck,8,Others,Skateboard Truck
867,Risers,risers,,riser,,,0,,
868,Girl's Hats,hats,,hat,hat,hat,6,Headwear,Hat
869,Men's Snowboard Bindings,snowboard bindings,,snowboard binding,,,0,,
870,Snowboard Locks,snowboard locks,,snowboard lock,,,0,,
871,Winter Face Masks,winter face masks,,winter face mask,face mask,face mask,5,Skin Care,Face Mask
872,Toddler Short Sleeve T-Shirts,toddler short sleeve t shirts,,toddler short sleeve t shirt,,,0,,
873,Toddler Hoodies,toddler hoodies,,toddler hoodie,,,0,,
874,Women's Beanies,beanies,,beanie,,,0,,
875,Rings,rings,,ring,ring,ring,6,Jewelry,Ring
876,Men's Long Sleeve Button Up Shirts,long sleeve button up shirts,,long sleeve button up shirt,button-up shirt,button-up shirt,2,Shirts,Button-up Shirt
877,Lanyards and Keychains,lanyards and keychains,,lanyard keychain,,,0,,
878,Women's Snow Bib Pants,bib pants,,bib pant,,,0,,
879,Wakeboard Ropes,wakeboard ropes,,wakeboard ropes,,,0,,
880,Wakeboards,wakeboards,,wakeboard,,,0,,
881,Boy's Short Sleeve Button Ups,short sleeve button ups,,short sleeve button up,,,0,,
882,Boy's Walkshorts,walkshorts,,walkshort,,,0,,
883,Women's Snow Helmets,helmets,,helmet,skateboard helmet,skateboard helmet,6,Headwear,Skateboard Helmet
884,Wakesurf Ropes,wakesurf ropes,,wakesurf rope,wakesurfs,wakesurfs,8,Skateboard,Wakesurfs
885,Wakesurf Fins,wakesurf fins,,wakesurf fin,wakesurfs,wakesurfs,8,Skateboard,Wakesurfs
886,Wakesurf Bags,wakesurf bags,,wakesurf bag,bag,wakesurfs,6,Bag,Bag
887,Patches,patches,,patch,,,0,,
888,Men's Underwear,underwear,,underwear,underwear,underwear,4,Underwear,Underwear
889,Men's Snowboard Boots,snowboard boots,,snowboard boot,snowboard,snowboard,8,Skateboard,Snowboard
890,Women's Wallets,wallets,,wallet,wallet,wallet,6,Wallet,Wallet
891,Men's Splitboards,splitboards,,splitboards,,,0,,
892,Snowboard Bags,snowboard bags,,snowboard bag,bag,snowboard,6,Bag,Bag
893,Men's Snow Bib Pants,bib pants,,bib pant,,,0,,
894,Men's Snow Jackets,jackets,,jacket,jacket,jackets,2,Coats/Jackets,Jacket
895,Men's Winter Boots,winter boots,,winter boot,winter boot,winter boot,1,Boot,Winter Boot
896,Women's Snowboards,snowboards,,snowboard,snowboard,snowboard,8,Skateboard,Snowboard
897,Women's Sweatpants,sweatpants,,sweatpant,sweatpant,sweatpant,3,Pants/Trousers,Sweatpant
898,Boy's Street Jackets,street jackets,,street jacket,,,0,,
899,Women's Snow Jackets,jackets,,jacket,jacket,jackets,2,Coats/Jackets,Jacket
900,Women's Snowboard Boots,snowboard boots,,snowboard boot,snowboard,snowboard,8,Skateboard,Snowboard
901,Men's Snow Pants,pants,,pant,pant,pant,3,Pants/Trousers,Pant
902,Youth Snow Pants,pants,,pant,pant,pant,3,Pants/Trousers,Pant
903,Girl's Swimwear,swimwear,other_clothing,swimwear,swimwear,swimwear,4,Swimwear,Swimwear
904,Boy's Denim and Pants,denim and pants,,denim pant,,,0,,
905,Youth Snow Goggles,goggles,,goggle,,,0,,
906,Boy's Zip Hoodies,zip hoodies,,zip hoodie,zip hoodie,zip hoodie,2,,Zip Hoodie
907,Home & Kitchen,home kitchen,homeware,kitchen,,,7,,
908,Women's Snow Pants,pants,,pant,pant,pant,3,Pants/Trousers,Pant
909,Hurley,hurley,,hurley,,,0,,
910,Men's Base Layers,base layers,,base layer,base layer,base layer,4,Activewear,Base Layer
911,Toddler Base Layers,toddler base layers,,toddler base layer,base layer,base layer,4,Activewear,Base Layer
912,Youth Base Layers,base layers,,base layer,base layer,base layer,4,Activewear,Base Layer
913,Women's Snow Mitts,mitts,,mitt,mitt,mitt,6,Glove,Mitt
914,Women's Zip Hoodies,zip hoodies,,zip hoodie,zip hoodie,zip hoodie,2,,Zip Hoodie
915,Backcountry Backpacks,backcountry backpacks,,backcountry backpack,,,0,,
916,Backcountry Probes,backcountry probes,,backcountry probe,,,0,,
917,Backcountry Shovels,backcountry shovels,,backcountry shovel,,,0,,
918,Women's Splitboards,splitboards,,splitboards,,,0,,
919,Men's Snow Gloves,gloves,,glove,glove,glove,6,Glove,Glove
920,Women's Base Layers,base layers,,base layer,base layer,base layer,4,Activewear,Base Layer
921,Snowboard Hardware,snowboard hardware,,snowboard hardware,,,0,,
922,Men's Glove Liners,glove liners,,glove liner,glove,,6,Glove,Glove
923,Women's Snowboard Bindings,snowboard bindings,,snowboard binding,,,0,,
924,Youth Snowboard Bindings,snowboard bindings,,snowboard binding,,,0,,
925,Youth Snow Gloves & Mitts,gloves mitts,,glove mitt,glove,,6,Glove,Glove
926,Snowboard Stomp Pads,snowboard stomp pads,,snowboard stomp pad,,,0,,
927,Men's Snowboard Socks,snowboard socks,,snowboard sock,snowboard,snowboard,8,Skateboard,Snowboard
928,Women's Snowboard Socks,snowboard socks,,snowboard sock,snowboard,snowboard,8,Skateboard,Snowboard
929,Youth Snowboard Socks,snowboard socks,,snowboard sock,snowboard,snowboard,8,Skateboard,Snowboard
930,Women's Step On Boots,step on boots,,step on boot,,,0,,
931,Women's Snow Gloves,gloves,,glove,glove,glove,6,Glove,Glove
932,Women's Step On Bindings,step on bindings,,step on binding,,,0,,
933,Youth Snowboard Boots,snowboard boots,,snowboard boot,snowboard,snowboard,8,Skateboard,Snowboard
934,Youth Snow Jackets,jackets,,jacket,jacket,jackets,2,Coats/Jackets,Jacket
935,Backcountry Snow Study & Tools,backcountry study tools,,backcountry study tool,,,0,,
936,Splitboard Skins,splitboard skins,,splitboard skin,,,0,,
937,Boy's Beanies,beanies,,beanie,,,0,,
938,Toddler Outerwear,toddler outerwear,,toddler outerwear,,,0,,
939,Women's Glove Liners,glove liners,,glove liner,glove,,6,Glove,Glove
940,Splitboard Parts & Hardware,splitboard parts hardware,,splitboard part hardware,,,0,,
941,Women's Winter Boots,winter boots,,winter boot,winter boot,winter boot,1,Boot,Winter Boot
942,Roxy,roxy,,roxy,,,0,,
943,Burton,burton,,burton,,,0,,
944,Men's Step On Boots,step on boots,,step on boot,,,0,,
945,Youth Snow Helmets,helmets,,helmet,skateboard helmet,skateboard helmet,6,Headwear,Skateboard Helmet
946,Gogglesoc,gogglesoc,,gogglesoc,,,0,,
947,Snowboard Boots,snowboard boots,,snowboard boot,snowboard,snowboard,8,Skateboard,Snowboard
948,Girl's Denim and Pants,denim and pants,,denim pant,,,0,,
949,Wakeboard Hardware,wakeboard hardware,,wakeboard hardware,,,0,,
950,Women's 3/4 Sleeve T-Shirts,3 4 sleeve t shirts,,3 4 sleeve t shirt,,,0,,
951,Girl's Street Jackets,street jackets,,street jacket,,,0,,
952,Girl's Long Sleeve T-shirts,long sleeve t shirts,,long sleeve t shirt,long sleeve,long sleeve,2,Shirts,Long Sleeve
953,Boy's Long Sleeve Button Ups,long sleeve button ups,,long sleeve button up,,,0,,
954,Volcom,volcom,,volcom,,,0,,
955,Quiksilver,quiksilver,,quiksilver,,,0,,
956,Boy's Tank Tops,tank tops,tops,tank,tank,tank,2,Tank Tops,Tank
957,Surf Rodz,surf rodz,,surf rodz,,,0,,
958,Women's Belts,belts,,belt,belt,belt,6,Belt,Belt
959,Mob Griptape,mob griptape,,mob griptape,,,0,,
960,kids,kids,,kid,,,0,,
961,Long Collective Co.,long collective co.,,long collective co.,,,0,,
962,wrapin,wrapin,,wrapin,,,0,,
963,Lifetime,lifetime,,lifetime,,,0,,
964,O'Neill,o'neill,,o'neill,,,0,,
965,Airbags,airbags,,airbag,bag,,6,Bag,Bag
966,Laptop Sleeve,laptop sleeve,,laptop sleeve,,,0,,
967,Brixton,brixton,,brixton,,,0,,
968,Heel cover,heel cover,,heel cover,heel cover,heel cover,6,Others,Heel Cover
969,Face Masks,face masks,,face mask,face mask,face mask,5,Skin Care,Face Mask
970,Boy's Belts,belts,,belt,belt,belt,6,Belt,Belt
971,Pins,pins,,pin,,,0,,
972,Girl's Boardshorts,boardshorts,,boardshort,board short,board short,3,Short,Board Short
973,Men's Watches,watches,,watch,watch,watch,6,Watch,Watch
974,Low wedge,low wedge,,low wedge,wedge,wedge,1,Heel/Wedge,Wedge
975,Platform,platform,,platform,platform,platform heel,1,Sandal,Platform
976,low platform,low platform,,low platform,platform,platform,1,Sandal,Platform
977,pack,pack,,pack,backpack,backpack,6,Bag,Backpack
978,Heel,heel,,heel,heel,heel,1,Heel/Wedge,Heel
979,purse,purse,,purse,,,0,,
980,flat,flat,,flat,flat,flat,1,,Flat
981,High wedge,high wedge,,high wedge,wedge,wedge,1,Heel/Wedge,Wedge
982,boot,boot,,boot,boot,boot,1,Boot,Boot
983,shoe,shoe,,shoe,,,0,,
984,Trousers,trousers,,trouser,trouser,trouser,3,Pants/Trousers,Trouser
985,Apparel & Accessories,apparel accessories,accessories,apparel,,,6,,
986,Masks,masks,,mask,mask,mask,6,Skin Care,Mask
987,Headwear,headwear,,headwear,headwear,headwear,6,Headwear,Headwear
988,trousers,trousers,,trouser,trouser,trouser,3,Pants/Trousers,Trouser
989,Gloves,gloves,,glove,glove,glove,6,Glove,Glove
990,SweetLegs Athleisure,sweetlegs athleisure,bottoms,athleisure,,,3,,
991,Charity,charity,,charity,,,0,,
992,Crewneck Sweater,crewneck sweater,,crewneck sweater,,,0,,
993,Pullover Hoodie,pullover hoodie,,pullover hoodie,pullover hoodie,pullover hoodie,2,Sweaters,Pullover Hoodie
994,Athletics,athletics,,athletic,,,0,,
995,Tank Top,tank top,tops,tank,tank,tank,2,Tank Tops,Tank
996,Artist Collection,artist collection,,artist collection,,,0,,
997,Travel,travel,,travel,,,0,,
998,Phone Case,phone case,,phone case,phone case,phone case,8,Others,Phone Case
999,Paddle Board,paddle board,,paddle board,,,0,,
1000,Frisbee,frisbee,,frisbee,,,0,,
1001,Sandle,sandle,,sandle,,candle,0,,
1002,Bracelets,bracelets,,bracelet,bracelet,bracelet,6,Jewelry,Bracelet
1003,Anklet,anklet,,anklet,anklet,anklet,6,Jewelry,Anklet
1004,Talisman Necklace,talisman necklace,,talisman necklace,,,0,,
1005,mens bracelet,bracelet,,bracelet,bracelet,bracelet,6,Jewelry,Bracelet
1006,Illumination Collection,illumination collection,,illumination collection,,,0,,
1007,Layering Necklace,layering necklace,,layer necklace,,,0,,
1008,Bronze,bronze,,bronze,bronzer,bronzer,6,Cosmetics,Bronzer
1009,Gift Box,gift box,,gift box,,,0,,
1010,Duality Collection,duality collection,,duality collection,,,0,,
1011,Sunglasses Chain,sunglasses chain,,sunglasses chain,sunglasses,,6,Glasses,Sunglasses
1012,Womens Top,top,tops,,,,2,,
1013,Bangle,bangle,,bangle,,,0,,
1014,Rosewood Bracelet,rosewood bracelet,,rosewood bracelet,,,0,,
1015,Lava Bracelet,lava bracelet,,lava bracelet,,,0,,
1016,Sandalwood Bracelet,sandalwood bracelet,,sandalwood bracelet,,,0,,
1017,Polishing cloth,polishing cloth,,polish cloth,,,0,,
1018,Mens Talisman Necklace,talisman necklace,,talisman necklace,,,0,,
1019,Drop Necklace,drop necklace,,drop necklace,,,0,,
1020,white copper,white copper,,white copper,,,0,,
1021,leather necklace,leather necklace,,leather necklace,,,0,,
1022,bangle,bangle,,bangle,,,0,,
1023,Mala,mala,,mala,,,0,,
1024,Men's Jewelry,jewelry,accessories,,,,6,,
1025,leather,leather,,leather,leather,leather,6,,Leather
1026,Mens Mala,mala,,mala,,,0,,
1027,Birthstone Collection,birthstone collection,,birthstone collection,,,0,,
1028,Drop necklace,drop necklace,,drop necklace,,,0,,
1029,6mm mother of pearl,6mm mother of pearl,,6 mm mother of pearl,,,0,,
1030,6mm Duality Collection,6mm duality collection,,6 mm duality collection,,,0,,
1031,6mm duality,6mm duality,,6 mm duality,,,0,,
1032,rings,rings,,ring,ring,ring,6,Jewelry,Ring
1033,Family Birthstone Bracelet,family birthstone bracelet,,family birthstone bracelet,,,0,,
1034,Crewneck,crewneck,,crewneck,,,0,,
1035,Horse Accessories,horse accessories,accessories,horse,,,6,,
1036,Sweatpants,sweatpants,,sweatpant,sweatpant,sweatpant,3,Pants/Trousers,Sweatpant
1037,Womens Skirt,skirt,,skirt,skirt,skirt,3,Skirts,Skirt
1038,Womens Romper,romper,,romper,romper,romper,4,Jumpsuits,Romper
1039,Womens Shorts,shorts,,short,short,short,3,Short,Short
1040,Womens Dress,dress,,dress,dress,dress,3,Dresses,Dress
1041,Mens Top,top,tops,,,,2,,
1042,Mens Bottom,bottom,bottoms,,,,3,,
1043,Adult Hat,hat,,hat,hat,hat,6,Headwear,Hat
1044,Adult Top,top,tops,,,,2,,
1045,Adult Shorts,shorts,,short,short,short,3,Short,Short
1046,Adult Accessory,accessory,accessories,,,,6,,
1047,Bath and Beauty,bath and beauty,beauty,bath,,,5,,
1048,Kids Accessory,kids accessory,accessories,kid,,,6,,
1049,Womens Jumpsuit,jumpsuit,,jumpsuit,jumpsuit,jumpsuit romper,4,Jumpsuits,Jumpsuit
1050,Womens Pants,pants,,pant,pant,pant,3,Pants/Trousers,Pant
1051,Womens Bag,bag,,bag,bag,bag,6,Bag,Bag
1052,Kids Sleepwear,kids sleepwear,,kid sleepwear,sleepwear,sleepwear,4,Sleepwear,Sleepwear
1053,Kids Swimwear,kids swimwear,other_clothing,kid swimwear,swimwear,swimwear,4,Swimwear,Swimwear
1054,Kids Top,kids top,tops,kid,,,2,,
1055,Boys Top,top,tops,,,,2,,
1056,Boys Bottom,bottom,bottoms,,,,3,,
1057,Boys Outfit,outfit,,outfit,,,0,,
1058,Girls Romper,romper,,romper,romper,romper,4,Jumpsuits,Romper
1059,Girls Top,top,tops,,,,2,,
1060,Womens Swimwear,swimwear,other_clothing,swimwear,swimwear,swimwear,4,Swimwear,Swimwear
1061,Womens Footwear,footwear,shoes,,,,1,,
1062,Girls Swimwear,swimwear,other_clothing,swimwear,swimwear,swimwear,4,Swimwear,Swimwear
1063,Girls Jumpsuit,jumpsuit,,jumpsuit,jumpsuit,jumpsuit romper,4,Jumpsuits,Jumpsuit
1064,Mens Accessory,accessory,accessories,,,,6,,
1065,Womens Sunglasses,sunglasses,,sunglasses,sunglasses,glasses,6,Glasses,Sunglasses
1066,Womens Hat,hat,,hat,hat,hat,6,Headwear,Hat
1067,Girls Bottom,bottom,bottoms,,,,3,,
1068,Girls Dress,dress,,dress,dress,dress,3,Dresses,Dress
1069,Womens Jewelry,jewelry,accessories,,,,6,,
1070,Kids Bottom,kids bottom,bottoms,kid,,,3,,
1071,Womens Sleepwear,sleepwear,,sleepwear,sleepwear,sleepwear,4,Sleepwear,Sleepwear
1072,Womens Hair,hair,,hair,hair,hair,5,Hair Care,Hair
1073,Adult Winterwear,winterwear,,winterwear,,,0,,
1074,SweetLegs One Size,sweetlegs one size,bottoms,one size,,,3,,
1075,Kids Onesie,kids onesie,,kid onesie,,,0,,
1076,Womens Socks,socks,,sock,sock,sock,6,Sock,Sock
1077,Womens Scarf,scarf,,scarf,scarf,scarf,6,Scarf,Scarf
1078,Womens Lounge Wear,lounge wear,,lounge wear,lounge,lounge,4,Sleepwear,Lounge
1079,Adult Pants,pants,,pant,pant,pant,3,Pants/Trousers,Pant
1080,Kids Romper,kids romper,,kid romper,romper,romper,4,Jumpsuits,Romper
1081,Girls Bottoms,bottoms,bottoms,,,,3,,
1082,Adult Glasses,glasses,,glasses,glasses,sunglasses,6,Glasses,Glasses
1083,Adult Bag,bag,,bag,bag,bag,6,Bag,Bag
1084,Adult Sunglasses,sunglasses,,sunglasses,sunglasses,glasses,6,Glasses,Sunglasses
1085,SweetLegs Maternity,sweetlegs maternity,bottoms,maternity,,,3,,
1086,Womens Intimates,intimates,,intimate,intimate,intimate,2,Lingerie,Intimate
1087,Adult Toque,toque,,toque,toque,toque,6,Headwear,Toque
1088,Kids Footwear,kids footwear,shoes,kid,,,1,,
1089,Kids Winterwear,kids winterwear,,kid winterwear,,,0,,
1090,Girls Footwear,footwear,shoes,,,,1,,
1091,Boys Swimwear,swimwear,other_clothing,swimwear,swimwear,swimwear,4,Swimwear,Swimwear
1092,Girls Accessory,accessory,accessories,,,,6,,
1093,SweetLegs Petite,sweetlegs petite,bottoms,petite,,,3,,
1094,Boys Accessory,accessory,accessories,,,,6,,
1095,Leggings,leggings,,legging,legging,jean legging,3,Leggings,Legging
1096,Boys Footwear,footwear,shoes,,,,1,,
1097,Sleepwear,sleepwear,,sleepwear,sleepwear,sleepwear,4,Sleepwear,Sleepwear
1098,Mens Footwear,footwear,shoes,,,,1,,
1099,Boys Sleepwear,sleepwear,,sleepwear,sleepwear,sleepwear,4,Sleepwear,Sleepwear
1100,Marketing Materials,marketing materials,,marketing material,,,0,,
1101,SweetLegs Plus2,sweetlegs plus2,bottoms,plus2,,,3,,
1102,SweetLegs Plus,sweetlegs plus,bottoms,plus,,,3,,
1103,Scrunchie,scrunchie,,scrunchie,scrunchie,scrunchie,6,Scrunchie,Scrunchie
1104,SweetTops,sweettops,,sweettop,sweet top,sweettop,2,Shirts,Sweet Top
1105,SweetLegs Kids,sweetlegs kids,bottoms,kid,,,3,,
1106,LADIES SWIM BOTTOM,swim bottom,other_clothing,swim bottom,swim bottom,swim bottom,4,Swimwear,Swim Bottom
1107,MENS SHOES,shoes,shoes,,,,1,,
1108,ACCESSORIES SUNCARE,accessories suncare,accessories,suncare,,,6,,
1109,ACCESSORIES SUNGLASSES,accessories sunglasses,accessories,sunglasses,sunglasses,glasses,6,Glasses,Sunglasses
1110,MENS SANDALS,sandals,,sandal,sandal,sandal,1,Sandal,Sandal
1111,ACCESSORIES TOWEL,accessories towel,accessories,towel,towel,towel,7,Homeware,Towel
1112,LADIES SWIM TOP,swim top,other_clothing,swim top,swim top,swim top,4,Swimwear,Swim Top
1113,LADIES DRESS MAXI,dress maxi,,dress maxi,,,0,,
1114,LADIES DRESS,dress,,dress,dress,dress,3,Dresses,Dress
1115,ACCESSORIES BODY CARE,accessories body care,accessories,body care,,,6,,
1116,ACCESSORIES CANDLE,accessories candle,accessories,candle,candle,candle,7,Homeware,Candle
1117,LADIES TANK,tank,,tank,tank,tank,2,Tank Tops,Tank
1118,LADIES KIMONO,kimono,,kimono,kimono,kimono,2,Shirts,Kimono
1119,LADIES TOP SHORT SLEEVE,top short sleeve,tops,short sleeve,short sleeve,sleeve,2,Shirts,Short Sleeve
1120,LADIES ROMPER,romper,,romper,romper,romper,4,Jumpsuits,Romper
1121,LADIES SHORTS,shorts,,short,short,short,3,Short,Short
1122,LADIES JUMPSUIT,jumpsuit,,jumpsuit,jumpsuit,jumpsuit romper,4,Jumpsuits,Jumpsuit
1123,MENS BUTTON UP SHORT SLEEVE,button up short sleeve,,button up short sleeve,button-up shirt,button-up shirt,2,Shirts,Button-up Shirt
1124,MENS SHORT,short,,short,short,short,3,Short,Short
1125,MENS BUTTON UP LONG SLEEVE,button up long sleeve,,button up long sleeve,,,0,,
1126,MENS DENIM,denim,,denim,denim,denim,3,Pants/Trousers,Denim
1127,LADIES SWIMSUIT 1 PIECE,swimsuit 1 piece,,swimsuit 1 piece,,,0,,
1128,LADIES SKIRT,skirt,,skirt,skirt,skirt,3,Skirts,Skirt
1129,LADIES COVER UP,cover up,,cover up,cover up,cover up,4,Swimwear,Cover Up
1130,MENS PANT,pant,,pant,pant,pant,3,Pants/Trousers,Pant
1131,GIRLS DRESS,dress,,dress,dress,dress,3,Dresses,Dress
1132,MENS BOARDSHORT VOLLEY,boardshort volley,,boardshort volley,,,0,,
1133,MENS TEE SHORT SLEEVE,tee short sleeve,,tee short sleeve,short sleeve,short sleeve,2,Shirts,Short Sleeve
1134,MENS HOODIE,hoodie,,hoodie,hoodie,hoodie,2,Sweaters,Hoodie
1135,MENS BOARDSHORT,boardshort,,boardshort,board short,board short,3,Short,Board Short
1136,MENS LONG SLEEVE SHIRT,long sleeve shirt,,long sleeve shirt,long sleeve,long sleeve,2,Shirts,Long Sleeve
1137,LADIES SWEATER,sweater,,sweater,sweater,sweater,2,Sweaters,Sweater
1138,LADIES TOP LONG SLEEVE,top long sleeve,tops,long sleeve,long sleeve,long sleeve,2,Shirts,Long Sleeve
1139,LADIES CARDIGAN,cardigan,,cardigan,cardigan,cardigan,2,Sweaters,Cardigan
1140,ACCESSORIES FANNY PACK,accessories fanny pack,accessories,fanny pack,,,6,,
1141,WOMENS ACTIVE PANT,pant,,pant,pant,pant,3,Pants/Trousers,Pant
1142,WOMENS SHOES,shoes,shoes,,,,1,,
1143,ACCESSORIES EARRINGS,accessories earrings,accessories,earrings,earrings,earrings,6,Jewelry,Earrings
1144,ACCESSORIES NECKLACE,accessories necklace,accessories,necklace,necklace,necklace,6,Jewelry,Necklace
1145,ACCESSSORIES MUGS/DRINKWARE,accesssories mugs drinkware,accessories,mug drinkware,drinkware,drinkware,7,Homeware,Drinkware
1146,WOMENS SWIMSUIT 1 PIECE,swimsuit 1 piece,,swimsuit 1 piece,,,0,,
1147,MENS WALLET,wallet,,wallet,wallet,wallet,6,Wallet,Wallet
1148,MENS ACTIVE SHORT,short,,short,short,short,3,Short,Short
1149,MENS UNDERWEAR,underwear,,underwear,underwear,underwear,4,Underwear,Underwear
1150,WOMENS SOCKS,socks,,sock,sock,sock,6,Sock,Sock
1151,ACESSORIES PERFUMES/COLGNES,acessories perfumes colgnes,accessories,perfume colgne,,,6,,
1152,MENS HAT,hat,,hat,hat,hat,6,Headwear,Hat
1153,ACCESSORIES HAIR TIES/SCRUNCHIES,accessories hair ties scrunchies,accessories,hair tie scrunchie,,,6,,
1154,ACCESSORIES RING,accessories ring,accessories,ring,ring,ring,6,Jewelry,Ring
1155,MENS JOGGER,jogger,,jogger,jogger,jogger,3,Pants/Trousers,Jogger
1156,WOMENS KIMONO,kimono,,kimono,kimono,kimono,2,Shirts,Kimono
1157,ACCESSORIES HAIR CARE,accessories hair care,accessories,hair care,hair care,hair care,5,Hair Care,Hair Care
1158,ACCESSORIES BLANKET,accessories blanket,accessories,blanket,blanket,blanket,7,Homeware,Blanket
1159,LADIES PANT,pant,,pant,pant,pant,3,Pants/Trousers,Pant
1160,LADIES SLIPPERS,slippers,,slipper,slipper,slipper,1,Slipper,Slipper
1161,MENS POLO,polo,,polo,polo,polo,2,Shirts,Polo
1162,YOUTH PANTS,pants,,pant,pant,pant,3,Pants/Trousers,Pant
1163,ACCESSORIES SKIN CARE,accessories skin care,accessories,skin care,skin care,skin care,5,Skin Care,Skin Care
1164,YOUTH HOODIE,hoodie,,hoodie,hoodie,hoodie,2,Sweaters,Hoodie
1165,LADIES JACKET,jacket,,jacket,jacket,jackets,2,Coats/Jackets,Jacket
1166,ACCESSORIES BOOK,accessories book,accessories,book,book,book,8,Others,Book
1167,ACESSORIES SERVING TRAY,acessories serving tray,accessories,serve tray,,,6,,
1168,ACCESSORIES FURNITURE,accessories furniture,accessories,furniture,,,6,,
1169,ACCESSORIES PILLOW,accessories pillow,accessories,pillow,pillow,pillow,7,Homeware,Pillow
1170,ACESSORIES BOWL,acessories bowl,accessories,bowl,,,6,,
1171,ACESSORIES COASTER,acessories coaster,accessories,coaster,,,6,,
1172,LADIES SHOES,shoes,shoes,,,,1,,
1173,LADIES SANDALS,sandals,,sandal,sandal,sandal,1,Sandal,Sandal
1174,LADIES BATH ROBE,bath robe,,bath robe,bath robe,bath robe,4,Bath robe,Bath Robe
1175,LADIES DENIM,denim,,denim,denim,denim,3,Pants/Trousers,Denim
1176,ACCESSORIES: ACCESSORIES COLOGNE,accessories: accessories cologne,accessories,accessory : cologne,,,6,,
1177,MENS SOCKS,socks,,sock,sock,sock,6,Sock,Sock
1178,"ACCESSORIES, FACE MASK",accessories face mask,accessories,face mask,face mask,face mask,5,Skin Care,Face Mask
1179,LADIES LEGGINGS,leggings,,legging,legging,jean legging,3,Leggings,Legging
1180,ACCESSORIES BEANIE,accessories beanie,accessories,beanie,,,6,,
1181,WOMENS BATH ROBE,bath robe,,bath robe,bath robe,bath robe,4,Bath robe,Bath Robe
1182,MENS SLIPPERS,slippers,,slipper,slipper,slipper,1,Slipper,Slipper
1183,ACCESSORIES COOLER,accessories cooler,accessories,cool,,,6,,
1184,LADIES BODYSUIT,bodysuit,,bodysuit,bodysuit,bodysuit,4,Jumpsuits,Bodysuit
1185,LADIES BRALETTE,bralette,,bralette,bralette,bralette,2,Lingerie,Bralette
1186,LADIES WALLET,wallet,,wallet,wallet,wallet,6,Wallet,Wallet
1187,MENS BACKPACK,backpack,,backpack,backpack,backpack,6,Bag,Backpack
1188,MENS JACKET,jacket,,jacket,jacket,jackets,2,Coats/Jackets,Jacket
1189,YOUTH BEANIE,beanie,,beanie,,,0,,
1190,ACCESSORIES BACKPACK,accessories backpack,accessories,backpack,backpack,backpack,6,Bag,Backpack
1191,ACCESSORIES BAG,accessories bag,accessories,bag,bag,bag,6,Bag,Bag
1192,LADIES ACTIVE PANT,pant,,pant,pant,pant,3,Pants/Trousers,Pant
1193,MENS SWEATSHIRT,sweatshirt,,sweatshirt,sweatshirt,sweatshirt,2,Sweaters,Sweatshirt
1194,WOMENS HAT,hat,,hat,hat,hat,6,Headwear,Hat
1195,MENS BEANIE,beanie,,beanie,,,0,,
1196,WOMENS JACKET,jacket,,jacket,jacket,jackets,2,Coats/Jackets,Jacket
1197,WOMENS SHORTS,shorts,,short,short,short,3,Short,Short
1198,WOMENS SWIM TOP,swim top,other_clothing,swim top,swim top,swim top,4,Swimwear,Swim Top
1199,WOMENS BAG,bag,,bag,bag,bag,6,Bag,Bag
1200,LADIES PYJAMAS,pyjamas,,pyjamas,,,0,,
1201,MENS BOARDSHORT TIGHT,boardshort tight,,boardshort tight,,,0,,
1202,LADIES HOODIE/FLEECE,hoodie fleece,,hoodie fleece,,,0,,
1203,WOMENS WALLET,wallet,,wallet,wallet,wallet,6,Wallet,Wallet
1204,LADIES SWEATSHIRT,sweatshirt,,sweatshirt,sweatshirt,sweatshirt,2,Sweaters,Sweatshirt
1205,ACCESSORIES PADDLE BOARD,accessories paddle board,accessories,paddle board,,,6,,
1206,LADIES TEE SHIRT,tee shirt,,tee shirt,tee shirt,tee shirt,2,Shirts,Tee Shirt
1207,WOMENS LEGGINGS,leggings,,legging,legging,jean legging,3,Leggings,Legging
1208,YOUTH SHOES,shoes,shoes,,,,1,,
1209,ACCESSORIES BANDANA,accessories bandana,accessories,bandana,bandana,bandana,6,Bandana,Bandana
1210,WOMENS CARDIGAN,cardigan,,cardigan,cardigan,cardigan,2,Sweaters,Cardigan
1211,LADIES JOGGER,jogger,,jogger,jogger,jogger,3,Pants/Trousers,Jogger
1212,WOMENS SWIM BOTTOM,swim bottom,other_clothing,swim bottom,swim bottom,swim bottom,4,Swimwear,Swim Bottom
1213,WOMENS JUMPSUIT,jumpsuit,,jumpsuit,jumpsuit,jumpsuit romper,4,Jumpsuits,Jumpsuit
1214,WOMENS DENIM,denim,,denim,denim,denim,3,Pants/Trousers,Denim
1215,ACCESSORIES SKATEBOARDS,accessories skateboards,accessories,skateboard,skateboard wheel,skateboard wheel,8,Others,Skateboard Wheel
1216,WOMENS TEE SHIRT,tee shirt,,tee shirt,tee shirt,tee shirt,2,Shirts,Tee Shirt
1217,WOMENS TOP LONG SLEEVE,top long sleeve,tops,long sleeve,long sleeve,long sleeve,2,Shirts,Long Sleeve
1218,WOMENS DRESS MAXI,dress maxi,,dress maxi,,,0,,
1219,WOMENS SWEATER,sweater,,sweater,sweater,sweater,2,Sweaters,Sweater
1220,WOMENS PANT,pant,,pant,pant,pant,3,Pants/Trousers,Pant
1221,WOMENS DRESS,dress,,dress,dress,dress,3,Dresses,Dress
1222,ACCESSORIES SAUCES,accessories sauces,accessories,sauce,,,6,,
1223,WOMENS SKIRT,skirt,,skirt,skirt,skirt,3,Skirts,Skirt
1224,WOMENS BEANIE,beanie,,beanie,,,0,,
1225,WOMENS HOODIE/FLEECE,hoodie fleece,,hoodie fleece,,,0,,
1226,WOMENS SWEATSHIRT,sweatshirt,,sweatshirt,sweatshirt,sweatshirt,2,Sweaters,Sweatshirt
1227,WOMENS SLIPPERS,slippers,,slipper,slipper,slipper,1,Slipper,Slipper
1228,WOMENS BOOTS,boots,,boot,boot,boot,1,Boot,Boot
1229,WOMENS LONG SLEEVE TOP,long sleeve top,tops,long sleeve,long sleeve,long sleeve,2,Shirts,Long Sleeve
1230,WOMENS TOP SHORT SLEEVE,top short sleeve,tops,short sleeve,short sleeve,sleeve,2,Shirts,Short Sleeve
1231,MENS FLANNEL,flannel,,flannel,,,0,,
1232,WOMENS SANDALS,sandals,,sandal,sandal,sandal,1,Sandal,Sandal
1233,GIRLS SWIMSUIT,swimsuit,,swimsuit,swimsuit,swimsuit,4,Swimwear,Swimsuit
1234,GIRLS ONE PIECE,one piece,,one piece,one piece,one piece,4,Swimwear,One Piece
1235,MENS TANK,tank,,tank,tank,tank,2,Tank Tops,Tank
1236,BOYS SANDALS,sandals,,sandal,sandal,sandal,1,Sandal,Sandal
1237,WOMENS ROMPER,romper,,romper,romper,romper,4,Jumpsuits,Romper
1238,MENS TEE LONG SLEEVE,tee long sleeve,,tee long sleeve,long sleeve,long sleeve,2,Shirts,Long Sleeve
1239,MENS BOOTS,boots,,boot,boot,boot,1,Boot,Boot
1240,WOMENS SCARF,scarf,,scarf,scarf,scarf,6,Scarf,Scarf
1241,WOMENS VEST,vest,,vest,vest,vest,2,Sweaters,Vest
1242,WOMENS TANK,tank,,tank,tank,tank,2,Tank Tops,Tank
1243,BOYS HOODIE,hoodie,,hoodie,hoodie,hoodie,2,Sweaters,Hoodie
1244,MENS SHORT HYBRID,short hybrid,,short hybrid,,,0,,
1245,GIRLS SANDALS,sandals,,sandal,sandal,sandal,1,Sandal,Sandal
1246,WOMENS ACTIVE SPORTS BRA,sports bra,,sport bra,sport bra,sport bra,2,Lingerie,Sport Bra
1247,BOYS TEE SHORT SLEEVE,tee short sleeve,,tee short sleeve,short sleeve,short sleeve,2,Shirts,Short Sleeve
1248,MENS FIRST LAYER,first layer,,first layer,,,0,,
1249,Swimsuit,swimsuit,,swimsuit,swimsuit,swimsuit,4,Swimwear,Swimsuit
1250,Baby,baby,,baby,baby,baby,8,Others,Baby
1251,Skorts,skorts,,skort,skort short,skort short,3,Skirts,Skort Short
1252,Rash Guards & Swim Shirts,rash guards swim shirts,other_clothing,rash guard swim shirt,,,4,,
1253,Shrug,shrug,,shrug,,,0,,
1254,Bandana,bandana,,bandana,bandana,bandana,6,Bandana,Bandana
1255,Button Down,button down,,button down,button-down shirt,button-down shirt,2,Shirts,Button-down Shirt
1256,sun protection,sun protection,,sun protection,,,0,,
1257,Sleeves,sleeves,,sleeve,sleeve,short sleeve,6,Sleeve,Sleeve
1258,Blanket,blanket,,blanket,blanket,blanket,7,Homeware,Blanket
1259,Wraps,wraps,,wrap,,,0,,
1260,Mask,mask,,mask,mask,mask,6,Skin Care,Mask
1261,Polo,polo,,polo,polo,polo,2,Shirts,Polo
1262,Gaiter,gaiter,,gaiter,,,0,,
1263,Baby and Toddler,baby and toddler,,baby toddler,,,0,,
1264,split shirt,split shirt,,split shirt,,,0,,
